,name,author,user_rating,reviews,price,year,genre,Name,Author,User Rating,Reviews,Price,Year,Genre
0,A New Book,D.SH,5.0,239.0,14.5,2019.0,Fiction,,,,,,,
1,,,,,,,,"Act Like a Lady, Think Like a Man: What Men Really Think About Love, Relationships, Intimacy, and Commitment",Steve Harvey,4.6,5013.0,17.0,2009.0,Non Fiction
2,,,,,,,,Arguing with Idiots: How to Stop Small Minds and Big Government,Glenn Beck,4.6,798.0,5.0,2009.0,Non Fiction
3,,,,,,,,"Breaking Dawn (The Twilight Saga, Book 4)",Stephenie Meyer,4.6,9769.0,13.0,2009.0,Fiction
4,,,,,,,,Crazy Love: Overwhelmed by a Relentless God,Francis Chan,4.7,1542.0,14.0,2009.0,Non Fiction
5,,,,,,,,Dead And Gone: A Sookie Stackhouse Novel (Sookie Stackhouse/True Blood),Charlaine Harris,4.6,1541.0,4.0,2009.0,Fiction
6,,,,,,,,Diary of a Wimpy Kid: The Last Straw (Book 3),Jeff Kinney,4.8,3837.0,15.0,2009.0,Fiction
7,,,,,,,,"Divine Soul Mind Body Healing and Transmission System: The Divine Way to Heal You, Humanity, Mother Earth, and All…",Zhi Gang Sha,4.6,37.0,6.0,2009.0,Non Fiction
8,,,,,,,,"Dog Days (Diary of a Wimpy Kid, Book 4) (Volume 4)",Jeff Kinney,4.8,3181.0,12.0,2009.0,Fiction
9,,,,,,,,Eat This Not That! Supermarket Survival Guide: The No-Diet Weight Loss Solution,David Zinczenko,4.5,720.0,1.0,2009.0,Non Fiction
10,,,,,,,,"Eat This, Not That! Thousands of Simple Food Swaps that Can Save You 10, 20, 30 Pounds--or More!",David Zinczenko,4.3,956.0,14.0,2009.0,Non Fiction
11,,,,,,,,Eclipse (Twilight Sagas),Stephenie Meyer,4.7,5505.0,7.0,2009.0,Fiction
12,,,,,,,,Eclipse (Twilight),Stephenie Meyer,4.7,5505.0,18.0,2009.0,Fiction
13,,,,,,,,"Glenn Beck's Common Sense: The Case Against an Out-of-Control Government, Inspired by Thomas Paine",Glenn Beck,4.6,1365.0,11.0,2009.0,Non Fiction
14,,,,,,,,Going Rogue: An American Life,Sarah Palin,4.6,1636.0,6.0,2009.0,Non Fiction
15,,,,,,,,Good to Great: Why Some Companies Make the Leap and Others Don't,Jim Collins,4.5,3457.0,14.0,2009.0,Non Fiction
16,,,,,,,,Have a Little Faith: A True Story,Mitch Albom,4.8,1930.0,4.0,2009.0,Non Fiction
17,,,,,,,,"I, Alex Cross",James Patterson,4.6,1320.0,7.0,2009.0,Fiction
18,,,,,,,,Liberty and Tyranny: A Conservative Manifesto,Mark R. Levin,4.8,3828.0,15.0,2009.0,Non Fiction
19,,,,,,,,"Mastering the Art of French Cooking, Vol. 2",Julia Child,4.8,2926.0,27.0,2009.0,Non Fiction
20,,,,,,,,New Moon (The Twilight Saga),Stephenie Meyer,4.6,5680.0,10.0,2009.0,Fiction
21,,,,,,,,Olive Kitteridge,Elizabeth Strout,4.2,4519.0,12.0,2009.0,Fiction
22,,,,,,,,Outliers: The Story of Success,Malcolm Gladwell,4.6,10426.0,20.0,2009.0,Non Fiction
23,,,,,,,,"Publication Manual of the American Psychological Association, 6th Edition",American Psychological Association,4.5,8580.0,46.0,2009.0,Non Fiction
24,,,,,,,,Sookie Stackhouse,Charlaine Harris,4.7,973.0,25.0,2009.0,Fiction
25,,,,,,,,StrengthsFinder 2.0,Gallup,4.0,5069.0,17.0,2009.0,Non Fiction
26,,,,,,,,"Super Freakonomics: Global Cooling, Patriotic Prostitutes, and Why Suicide Bombers Should Buy Life Insurance",Steven D. Levitt,4.5,1583.0,18.0,2009.0,Non Fiction
27,,,,,,,,The 5000 Year Leap,W. Cleon Skousen,4.8,1680.0,12.0,2009.0,Non Fiction
28,,,,,,,,The 7 Habits of Highly Effective People: Powerful Lessons in Personal Change,Stephen R. Covey,4.6,9325.0,24.0,2009.0,Non Fiction
29,,,,,,,,The Book of Basketball: The NBA According to The Sports Guy,Bill Simmons,4.7,858.0,53.0,2009.0,Non Fiction
30,,,,,,,,The Elegance of the Hedgehog,Muriel Barbery,4.0,1859.0,11.0,2009.0,Fiction
31,,,,,,,,The Five Dysfunctions of a Team: A Leadership Fable,Patrick Lencioni,4.6,3207.0,6.0,2009.0,Non Fiction
32,,,,,,,,The Five Love Languages: How to Express Heartfelt Commitment to Your Mate,Gary Chapman,4.6,803.0,9.0,2009.0,Non Fiction
33,,,,,,,,The Girl Who Played with Fire (Millennium),Stieg Larsson,4.7,7251.0,16.0,2009.0,Fiction
34,,,,,,,,The Girl with the Dragon Tattoo (Millennium Series),Stieg Larsson,4.4,10559.0,2.0,2009.0,Fiction
35,,,,,,,,The Guernsey Literary and Potato Peel Pie Society,Mary Ann Shaffer,4.7,8587.0,10.0,2009.0,Fiction
36,,,,,,,,The Help,Kathryn Stockett,4.8,13871.0,6.0,2009.0,Fiction
37,,,,,,,,The Last Lecture,Randy Pausch,4.7,4028.0,9.0,2009.0,Non Fiction
38,,,,,,,,"The Last Olympian (Percy Jackson and the Olympians, Book 5)",Rick Riordan,4.8,4628.0,7.0,2009.0,Fiction
39,,,,,,,,The Lost Symbol,Dan Brown,4.2,8747.0,19.0,2009.0,Fiction
40,,,,,,,,The Love Dare,Stephen Kendrick,4.8,1655.0,13.0,2009.0,Non Fiction
41,,,,,,,,The Shack: Where Tragedy Confronts Eternity,William P. Young,4.6,19720.0,8.0,2009.0,Fiction
42,,,,,,,,The Time Traveler's Wife,Audrey Niffenegger,4.4,3759.0,6.0,2009.0,Fiction
43,,,,,,,,The Tipping Point: How Little Things Can Make a Big Difference,Malcolm Gladwell,4.4,3503.0,9.0,2009.0,Non Fiction
44,,,,,,,,The Twilight Saga Collection,Stephenie Meyer,4.7,3801.0,82.0,2009.0,Fiction
45,,,,,,,,Three Cups of Tea: One Man's Mission to Promote Peace - One School at a Time,Greg Mortenson,4.3,3319.0,11.0,2009.0,Non Fiction
46,,,,,,,,True Compass: A Memoir,Edward M. Kennedy,4.5,438.0,15.0,2009.0,Non Fiction
47,,,,,,,,"Twilight (The Twilight Saga, Book 1)",Stephenie Meyer,4.7,11676.0,9.0,2009.0,Fiction
48,,,,,,,,Under the Dome: A Novel,Stephen King,4.3,6740.0,20.0,2009.0,Fiction
49,,,,,,,,Watchmen,Alan Moore,4.8,3829.0,42.0,2009.0,Fiction
50,,,,,,,,Where the Wild Things Are,Maurice Sendak,4.8,9967.0,13.0,2009.0,Fiction
51,,,,,,,,A Patriot's History of the United States: From Columbus's Great Discovery to the War on Terror,Larry Schweikart,4.6,460.0,2.0,2010.0,Non Fiction
52,,,,,,,,"Autobiography of Mark Twain, Vol. 1",Mark Twain,4.2,491.0,14.0,2010.0,Non Fiction
53,,,,,,,,"Barefoot Contessa, How Easy Is That?: Fabulous Recipes & Easy Tips",Ina Garten,4.7,615.0,21.0,2010.0,Non Fiction
54,,,,,,,,"Broke: The Plan to Restore Our Trust, Truth and Treasure",Glenn Beck,4.5,471.0,8.0,2010.0,Non Fiction
55,,,,,,,,Catching Fire (The Hunger Games),Suzanne Collins,4.7,22614.0,11.0,2010.0,Fiction
56,,,,,,,,Crazy Love: Overwhelmed by a Relentless God,Francis Chan,4.7,1542.0,14.0,2010.0,Non Fiction
57,,,,,,,,Cutting for Stone,Abraham Verghese,4.6,4866.0,11.0,2010.0,Fiction
58,,,,,,,,"Dead in the Family (Sookie Stackhouse/True Blood, Book 10)",Charlaine Harris,4.3,1924.0,8.0,2010.0,Fiction
59,,,,,,,,Decision Points,George W. Bush,4.6,2137.0,17.0,2010.0,Non Fiction
60,,,,,,,,"Delivering Happiness: A Path to Profits, Passion, and Purpose",Tony Hsieh,4.6,1651.0,15.0,2010.0,Non Fiction
61,,,,,,,,Drive: The Surprising Truth About What Motivates Us,Daniel H. Pink,4.5,2525.0,16.0,2010.0,Non Fiction
62,,,,,,,,Food Rules: An Eater's Manual,Michael Pollan,4.4,1555.0,9.0,2010.0,Non Fiction
63,,,,,,,,"Game Change: Obama and the Clintons, McCain and Palin, and the Race of a Lifetime",John Heilemann,4.4,1215.0,9.0,2010.0,Non Fiction
64,,,,,,,,George Washington's Sacred Fire,Peter A. Lillback,4.5,408.0,20.0,2010.0,Non Fiction
65,,,,,,,,Good to Great: Why Some Companies Make the Leap and Others Don't,Jim Collins,4.5,3457.0,14.0,2010.0,Non Fiction
66,,,,,,,,Life,Keith Richards,4.5,2752.0,18.0,2010.0,Non Fiction
67,,,,,,,,Little Bee: A Novel,Chris Cleave,4.1,1467.0,10.0,2010.0,Fiction
68,,,,,,,,Mockingjay (The Hunger Games),Suzanne Collins,4.5,26741.0,8.0,2010.0,Fiction
69,,,,,,,,Outliers: The Story of Success,Malcolm Gladwell,4.6,10426.0,20.0,2010.0,Non Fiction
70,,,,,,,,Percy Jackson and the Olympians Paperback Boxed Set (Books 1-3),Rick Riordan,4.8,548.0,2.0,2010.0,Fiction
71,,,,,,,,"Publication Manual of the American Psychological Association, 6th Edition",American Psychological Association,4.5,8580.0,46.0,2010.0,Non Fiction
72,,,,,,,,Radical: Taking Back Your Faith from the American Dream,David Platt,4.7,1985.0,9.0,2010.0,Non Fiction
73,,,,,,,,Sarah's Key,Tatiana de Rosnay,4.6,3619.0,10.0,2010.0,Fiction
74,,,,,,,,Sh*t My Dad Says,Justin Halpern,4.7,1265.0,11.0,2010.0,Non Fiction
75,,,,,,,,StrengthsFinder 2.0,Gallup,4.0,5069.0,17.0,2010.0,Non Fiction
76,,,,,,,,Switch: How to Change Things When Change Is Hard,Chip Heath,4.6,1907.0,13.0,2010.0,Non Fiction
77,,,,,,,,Teach Like a Champion: 49 Techniques that Put Students on the Path to College,Doug Lemov,4.4,637.0,20.0,2010.0,Non Fiction
78,,,,,,,,The 5 Love Languages: The Secret to Love That Lasts,Gary Chapman,4.7,3477.0,28.0,2010.0,Non Fiction
79,,,,,,,,The Art of Racing in the Rain: A Novel,Garth Stein,4.7,11813.0,10.0,2010.0,Fiction
80,,,,,,,,The Big Short: Inside the Doomsday Machine,Michael Lewis,4.7,3536.0,17.0,2010.0,Non Fiction
81,,,,,,,,The Confession: A Novel,John Grisham,4.3,3523.0,13.0,2010.0,Fiction
82,,,,,,,,The Daily Show with Jon Stewart Presents Earth (The Book): A Visitor's Guide to the Human Race,Jon Stewart,4.4,440.0,11.0,2010.0,Non Fiction
83,,,,,,,,The Five Dysfunctions of a Team: A Leadership Fable,Patrick Lencioni,4.6,3207.0,6.0,2010.0,Non Fiction
84,,,,,,,,The Girl Who Kicked the Hornet's Nest (Millennium Trilogy),Stieg Larsson,4.7,7747.0,14.0,2010.0,Fiction
85,,,,,,,,The Girl Who Played with Fire (Millennium Series),Stieg Larsson,4.7,7251.0,9.0,2010.0,Fiction
86,,,,,,,,The Girl with the Dragon Tattoo (Millennium Series),Stieg Larsson,4.4,10559.0,2.0,2010.0,Fiction
87,,,,,,,,The Help,Kathryn Stockett,4.8,13871.0,6.0,2010.0,Fiction
88,,,,,,,,The Hunger Games,Suzanne Collins,4.7,32122.0,14.0,2010.0,Fiction
89,,,,,,,,The Immortal Life of Henrietta Lacks,Rebecca Skloot,4.7,9289.0,13.0,2010.0,Non Fiction
90,,,,,,,,"The Last Olympian (Percy Jackson and the Olympians, Book 5)",Rick Riordan,4.8,4628.0,7.0,2010.0,Fiction
91,,,,,,,,"The Lost Hero (Heroes of Olympus, Book 1)",Rick Riordan,4.8,4506.0,14.0,2010.0,Fiction
92,,,,,,,,The Official SAT Study Guide,The College Board,4.4,1201.0,40.0,2010.0,Non Fiction
93,,,,,,,,"The Red Pyramid (The Kane Chronicles, Book 1)",Rick Riordan,4.6,2186.0,12.0,2010.0,Fiction
94,,,,,,,,"The Road to Serfdom: Text and Documents--The Definitive Edition (The Collected Works of F. A. Hayek, Volume 2)",F. A. Hayek,4.6,1204.0,14.0,2010.0,Non Fiction
95,,,,,,,,The Short Second Life of Bree Tanner: An Eclipse Novella (The Twilight Saga),Stephenie Meyer,4.6,2122.0,0.0,2010.0,Fiction
96,,,,,,,,"The Ugly Truth (Diary of a Wimpy Kid, Book 5)",Jeff Kinney,4.8,3796.0,12.0,2010.0,Fiction
97,,,,,,,,Three Cups of Tea: One Man's Mission to Promote Peace - One School at a Time,Greg Mortenson,4.3,3319.0,11.0,2010.0,Non Fiction
98,,,,,,,,"Towers of Midnight (Wheel of Time, Book Thirteen)",Robert Jordan,4.8,2282.0,21.0,2010.0,Fiction
99,,,,,,,,"Unbroken: A World War II Story of Survival, Resilience, and Redemption",Laura Hillenbrand,4.8,29673.0,16.0,2010.0,Non Fiction
100,,,,,,,,Women Food and God: An Unexpected Path to Almost Everything,Geneen Roth,4.2,1302.0,11.0,2010.0,Non Fiction
101,,,,,,,,11/22/63: A Novel,Stephen King,4.6,2052.0,22.0,2011.0,Fiction
102,,,,,,,,A Dance with Dragons (A Song of Ice and Fire),George R. R. Martin,4.4,12643.0,11.0,2011.0,Fiction
103,,,,,,,,A Stolen Life: A Memoir,Jaycee Dugard,4.6,4149.0,32.0,2011.0,Non Fiction
104,,,,,,,,"Cabin Fever (Diary of a Wimpy Kid, Book 6)",Jeff Kinney,4.8,4505.0,0.0,2011.0,Fiction
105,,,,,,,,Catching Fire (The Hunger Games),Suzanne Collins,4.7,22614.0,11.0,2011.0,Fiction
106,,,,,,,,Crazy Love: Overwhelmed by a Relentless God,Francis Chan,4.7,1542.0,14.0,2011.0,Non Fiction
107,,,,,,,,Cutting for Stone,Abraham Verghese,4.6,4866.0,11.0,2011.0,Fiction
108,,,,,,,,"Dead Reckoning (Sookie Stackhouse/True Blood, Book 11)",Charlaine Harris,4.2,2094.0,4.0,2011.0,Fiction
109,,,,,,,,"Eat to Live: The Amazing Nutrient-Rich Program for Fast and Sustained Weight Loss, Revised Edition",Joel Fuhrman MD,4.5,6346.0,9.0,2011.0,Non Fiction
110,,,,,,,,Game of Thrones Boxed Set: A Game of Thrones/A Clash of Kings/A Storm of Swords/A Feast for Crows,George R.R. Martin,4.6,5594.0,5.0,2011.0,Fiction
111,,,,,,,,Go the F**k to Sleep,Adam Mansbach,4.8,9568.0,9.0,2011.0,Fiction
112,,,,,,,,Good to Great: Why Some Companies Make the Leap and Others Don't,Jim Collins,4.5,3457.0,14.0,2011.0,Non Fiction
113,,,,,,,,Heaven is for Real: A Little Boy's Astounding Story of His Trip to Heaven and Back,Todd Burpo,4.7,15779.0,10.0,2011.0,Non Fiction
114,,,,,,,,"In the Garden of Beasts: Love, Terror, and an American Family in Hitler's Berlin",Eric Larson,4.4,4571.0,21.0,2011.0,Non Fiction
115,,,,,,,,Inheritance: Book IV (Inheritance Cycle),Christopher Paolini,4.6,5299.0,20.0,2011.0,Fiction
116,,,,,,,,Jesus Calling: Enjoying Peace in His Presence (with Scripture References),Sarah Young,4.9,19576.0,8.0,2011.0,Non Fiction
117,,,,,,,,Killing Lincoln: The Shocking Assassination that Changed America Forever (Bill O'Reilly's Killing Series),Bill O'Reilly,4.7,9342.0,10.0,2011.0,Non Fiction
118,,,,,,,,"Love Wins: A Book About Heaven, Hell, and the Fate of Every Person Who Ever Lived",Rob Bell,4.2,1649.0,13.0,2011.0,Non Fiction
119,,,,,,,,Mockingjay (The Hunger Games),Suzanne Collins,4.5,26741.0,8.0,2011.0,Fiction
120,,,,,,,,One Thousand Gifts: A Dare to Live Fully Right Where You Are,Ann Voskamp,4.6,3163.0,13.0,2011.0,Non Fiction
121,,,,,,,,"Publication Manual of the American Psychological Association, 6th Edition",American Psychological Association,4.5,8580.0,46.0,2011.0,Non Fiction
122,,,,,,,,Radical: Taking Back Your Faith from the American Dream,David Platt,4.7,1985.0,9.0,2011.0,Non Fiction
123,,,,,,,,Steve Jobs,Walter Isaacson,4.6,7827.0,20.0,2011.0,Non Fiction
124,,,,,,,,StrengthsFinder 2.0,Gallup,4.0,5069.0,17.0,2011.0,Non Fiction
125,,,,,,,,Teach Like a Champion: 49 Techniques that Put Students on the Path to College,Doug Lemov,4.4,637.0,20.0,2011.0,Non Fiction
126,,,,,,,,The 17 Day Diet: A Doctor's Plan Designed for Rapid Results,Mike Moreno,4.3,2314.0,22.0,2011.0,Non Fiction
127,,,,,,,,"The 4 Hour Body: An Uncommon Guide to Rapid Fat Loss, Incredible Sex and Becoming Superhuman",Timothy Ferriss,4.3,4587.0,21.0,2011.0,Non Fiction
128,,,,,,,,The 5 Love Languages: The Secret to Love That Lasts,Gary Chapman,4.7,3477.0,28.0,2011.0,Non Fiction
129,,,,,,,,The 7 Habits of Highly Effective People: Powerful Lessons in Personal Change,Stephen R. Covey,4.6,9325.0,24.0,2011.0,Non Fiction
130,,,,,,,,The Art of Racing in the Rain: A Novel,Garth Stein,4.7,11813.0,10.0,2011.0,Fiction
131,,,,,,,,The China Study: The Most Comprehensive Study of Nutrition Ever Conducted And the Startling Implications for Diet…,Thomas Campbell,4.7,4633.0,21.0,2011.0,Non Fiction
132,,,,,,,,"The Dukan Diet: 2 Steps to Lose the Weight, 2 Steps to Keep It Off Forever",Pierre Dukan,4.1,2023.0,15.0,2011.0,Non Fiction
133,,,,,,,,The Five Dysfunctions of a Team: A Leadership Fable,Patrick Lencioni,4.6,3207.0,6.0,2011.0,Non Fiction
134,,,,,,,,The Girl Who Kicked the Hornet's Nest (Millennium Trilogy),Stieg Larsson,4.7,7747.0,14.0,2011.0,Fiction
135,,,,,,,,The Help,Kathryn Stockett,4.8,13871.0,8.0,2011.0,Fiction
136,,,,,,,,The Help,Kathryn Stockett,4.8,13871.0,7.0,2011.0,Fiction
137,,,,,,,,The Hunger Games (Book 1),Suzanne Collins,4.7,32122.0,8.0,2011.0,Fiction
138,,,,,,,,The Hunger Games Trilogy Boxed Set (1),Suzanne Collins,4.8,16949.0,30.0,2011.0,Fiction
139,,,,,,,,The Immortal Life of Henrietta Lacks,Rebecca Skloot,4.7,9289.0,9.0,2011.0,Non Fiction
140,,,,,,,,The Lego Ideas Book: Unlock Your Imagination,Daniel Lipkowitz,4.4,4247.0,13.0,2011.0,Non Fiction
141,,,,,,,,The Litigators,John Grisham,4.4,6222.0,18.0,2011.0,Fiction
142,,,,,,,,The Official SAT Study Guide,The College Board,4.4,1201.0,40.0,2011.0,Non Fiction
143,,,,,,,,The Paris Wife: A Novel,Paula McLain,4.3,3759.0,16.0,2011.0,Fiction
144,,,,,,,,"The Son of Neptune (Heroes of Olympus, Book 2)",Rick Riordan,4.8,4290.0,10.0,2011.0,Fiction
145,,,,,,,,"The Throne of Fire (The Kane Chronicles, Book 2)",Rick Riordan,4.7,1463.0,10.0,2011.0,Fiction
146,,,,,,,,"Thinking, Fast and Slow",Daniel Kahneman,4.6,11034.0,19.0,2011.0,Non Fiction
147,,,,,,,,Tina Fey: Bossypants,Tina Fey,4.3,5977.0,12.0,2011.0,Non Fiction
148,,,,,,,,"Unbroken: A World War II Story of Survival, Resilience, and Redemption",Laura Hillenbrand,4.8,29673.0,16.0,2011.0,Non Fiction
149,,,,,,,,Water for Elephants: A Novel,Sara Gruen,4.5,8958.0,12.0,2011.0,Fiction
150,,,,,,,,What to Expect When You're Expecting,Heidi Murkoff,4.4,3341.0,9.0,2011.0,Non Fiction
151,,,,,,,,Barefoot Contessa Foolproof: Recipes You Can Trust: A Cookbook,Ina Garten,4.8,1296.0,24.0,2012.0,Non Fiction
152,,,,,,,,Catching Fire (The Hunger Games),Suzanne Collins,4.7,22614.0,11.0,2012.0,Fiction
153,,,,,,,,"Eat to Live: The Amazing Nutrient-Rich Program for Fast and Sustained Weight Loss, Revised Edition",Joel Fuhrman MD,4.5,6346.0,9.0,2012.0,Non Fiction
154,,,,,,,,Fifty Shades Darker,E L James,4.4,23631.0,7.0,2012.0,Fiction
155,,,,,,,,Fifty Shades Freed: Book Three of the Fifty Shades Trilogy (Fifty Shades of Grey Series) (English Edition),E L James,4.5,20262.0,11.0,2012.0,Fiction
156,,,,,,,,Fifty Shades of Grey: Book One of the Fifty Shades Trilogy (Fifty Shades of Grey Series),E L James,3.8,47265.0,14.0,2012.0,Fiction
157,,,,,,,,Fifty Shades Trilogy (Fifty Shades of Grey / Fifty Shades Darker / Fifty Shades Freed),E L James,4.5,13964.0,32.0,2012.0,Fiction
158,,,,,,,,Game of Thrones Boxed Set: A Game of Thrones/A Clash of Kings/A Storm of Swords/A Feast for Crows,George R.R. Martin,4.6,5594.0,5.0,2012.0,Fiction
159,,,,,,,,Gone Girl,Gillian Flynn,4.0,57271.0,10.0,2012.0,Fiction
160,,,,,,,,Good to Great: Why Some Companies Make the Leap and Others Don't,Jim Collins,4.5,3457.0,14.0,2012.0,Non Fiction
161,,,,,,,,"Goodnight, Goodnight Construction Site (Hardcover Books for Toddlers, Preschool Books for Kids)",Sherri Duskey Rinker,4.9,7038.0,7.0,2012.0,Fiction
162,,,,,,,,Heaven is for Real: A Little Boy's Astounding Story of His Trip to Heaven and Back,Todd Burpo,4.7,15779.0,10.0,2012.0,Non Fiction
163,,,,,,,,Jesus Calling: Enjoying Peace in His Presence (with Scripture References),Sarah Young,4.9,19576.0,8.0,2012.0,Non Fiction
164,,,,,,,,Killing Kennedy: The End of Camelot,Bill O'Reilly,4.6,8634.0,25.0,2012.0,Non Fiction
165,,,,,,,,Killing Lincoln: The Shocking Assassination that Changed America Forever (Bill O'Reilly's Killing Series),Bill O'Reilly,4.7,9342.0,10.0,2012.0,Non Fiction
166,,,,,,,,Mockingjay (The Hunger Games),Suzanne Collins,4.5,26741.0,8.0,2012.0,Fiction
167,,,,,,,,No Easy Day: The Autobiography of a Navy Seal: The Firsthand Account of the Mission That Killed Osama Bin Laden,Mark Owen,4.6,8093.0,14.0,2012.0,Non Fiction
168,,,,,,,,"Oh, the Places You'll Go!",Dr. Seuss,4.9,21834.0,8.0,2012.0,Fiction
169,,,,,,,,One Thousand Gifts: A Dare to Live Fully Right Where You Are,Ann Voskamp,4.6,3163.0,13.0,2012.0,Non Fiction
170,,,,,,,,Proof of Heaven: A Neurosurgeon's Journey into the Afterlife,Eben Alexander,4.3,13616.0,10.0,2012.0,Non Fiction
171,,,,,,,,"Publication Manual of the American Psychological Association, 6th Edition",American Psychological Association,4.5,8580.0,46.0,2012.0,Non Fiction
172,,,,,,,,Quiet: The Power of Introverts in a World That Can't Stop Talking,Susan Cain,4.6,10009.0,20.0,2012.0,Non Fiction
173,,,,,,,,Steve Jobs,Walter Isaacson,4.6,7827.0,20.0,2012.0,Non Fiction
174,,,,,,,,StrengthsFinder 2.0,Gallup,4.0,5069.0,17.0,2012.0,Non Fiction
175,,,,,,,,The 5 Love Languages: The Secret to Love That Lasts,Gary Chapman,4.7,3477.0,28.0,2012.0,Non Fiction
176,,,,,,,,The 7 Habits of Highly Effective People: Powerful Lessons in Personal Change,Stephen R. Covey,4.6,9325.0,24.0,2012.0,Non Fiction
177,,,,,,,,The Amateur,Edward Klein,4.6,2580.0,9.0,2012.0,Non Fiction
178,,,,,,,,"The Blood Sugar Solution: The UltraHealthy Program for Losing Weight, Preventing Disease, and Feeling Great Now!",Mark Hyman M.D.,4.2,1789.0,14.0,2012.0,Non Fiction
179,,,,,,,,The Casual Vacancy,J.K. Rowling,3.3,9372.0,12.0,2012.0,Fiction
180,,,,,,,,The Fault in Our Stars,John Green,4.7,50482.0,13.0,2012.0,Fiction
181,,,,,,,,The Five Dysfunctions of a Team: A Leadership Fable,Patrick Lencioni,4.6,3207.0,6.0,2012.0,Non Fiction
182,,,,,,,,The Great Gatsby,F. Scott Fitzgerald,4.4,11616.0,7.0,2012.0,Fiction
183,,,,,,,,The Harbinger: The Ancient Mystery that Holds the Secret of America's Future,Jonathan Cahn,4.6,11098.0,13.0,2012.0,Fiction
184,,,,,,,,The Hunger Games (Book 1),Suzanne Collins,4.7,32122.0,8.0,2012.0,Fiction
185,,,,,,,,The Hunger Games Trilogy Boxed Set (1),Suzanne Collins,4.8,16949.0,30.0,2012.0,Fiction
186,,,,,,,,The Immortal Life of Henrietta Lacks,Rebecca Skloot,4.7,9289.0,9.0,2012.0,Non Fiction
187,,,,,,,,The Lego Ideas Book: Unlock Your Imagination,Daniel Lipkowitz,4.4,4247.0,13.0,2012.0,Non Fiction
188,,,,,,,,"The Mark of Athena (Heroes of Olympus, Book 3)",Rick Riordan,4.8,6247.0,10.0,2012.0,Fiction
189,,,,,,,,The Official SAT Study Guide,The College Board,4.4,1201.0,40.0,2012.0,Non Fiction
190,,,,,,,,The Pioneer Woman Cooks: Food from My Frontier,Ree Drummond,4.8,2876.0,21.0,2012.0,Non Fiction
191,,,,,,,,The Power of Habit: Why We Do What We Do in Life and Business,Charles Duhigg,4.6,10795.0,21.0,2012.0,Non Fiction
192,,,,,,,,The Racketeer,John Grisham,4.3,14493.0,18.0,2012.0,Fiction
193,,,,,,,,"The Serpent's Shadow (The Kane Chronicles, Book 3)",Rick Riordan,4.8,2091.0,12.0,2012.0,Fiction
194,,,,,,,,"The Third Wheel (Diary of a Wimpy Kid, Book 7)",Jeff Kinney,4.7,6377.0,7.0,2012.0,Fiction
195,,,,,,,,"Thinking, Fast and Slow",Daniel Kahneman,4.6,11034.0,19.0,2012.0,Non Fiction
196,,,,,,,,Thomas Jefferson: The Art of Power,Jon Meacham,4.5,1904.0,23.0,2012.0,Non Fiction
197,,,,,,,,"Unbroken: A World War II Story of Survival, Resilience, and Redemption",Laura Hillenbrand,4.8,29673.0,16.0,2012.0,Non Fiction
198,,,,,,,,"Wheat Belly: Lose the Wheat, Lose the Weight, and Find Your Path Back to Health",William Davis,4.4,7497.0,6.0,2012.0,Non Fiction
199,,,,,,,,Wild: From Lost to Found on the Pacific Crest Trail,Cheryl Strayed,4.4,17044.0,18.0,2012.0,Non Fiction
200,,,,,,,,Winter of the World: Book Two of the Century Trilogy,Ken Follett,4.5,10760.0,15.0,2012.0,Fiction
201,,,,,,,,Allegiant,Veronica Roth,3.9,6310.0,13.0,2013.0,Fiction
202,,,,,,,,And the Mountains Echoed,Khaled Hosseini,4.3,12159.0,13.0,2013.0,Fiction
203,,,,,,,,"Daring Greatly: How the Courage to Be Vulnerable Transforms the Way We Live, Love, Parent, and Lead",Brené Brown,4.8,1329.0,10.0,2013.0,Non Fiction
204,,,,,,,,"David and Goliath: Underdogs, Misfits, and the Art of Battling Giants",Malcolm Gladwell,4.4,4642.0,13.0,2013.0,Non Fiction
205,,,,,,,,"Diagnostic and Statistical Manual of Mental Disorders, 5th Edition: DSM-5",American Psychiatric Association,4.5,6679.0,105.0,2013.0,Non Fiction
206,,,,,,,,"Diary of a Wimpy Kid: Hard Luck, Book 8",Jeff Kinney,4.8,6812.0,0.0,2013.0,Fiction
207,,,,,,,,Divergent,Veronica Roth,4.6,27098.0,15.0,2013.0,Fiction
208,,,,,,,,Doctor Sleep: A Novel,Stephen King,4.7,15845.0,13.0,2013.0,Fiction
209,,,,,,,,Fifty Shades of Grey: Book One of the Fifty Shades Trilogy (Fifty Shades of Grey Series),E L James,3.8,47265.0,14.0,2013.0,Fiction
210,,,,,,,,Game of Thrones Boxed Set: A Game of Thrones/A Clash of Kings/A Storm of Swords/A Feast for Crows,George R.R. Martin,4.6,5594.0,5.0,2013.0,Fiction
211,,,,,,,,George Washington's Secret Six: The Spy Ring That Saved the American Revolution,Brian Kilmeade,4.6,4799.0,16.0,2013.0,Non Fiction
212,,,,,,,,Gone Girl,Gillian Flynn,4.0,57271.0,10.0,2013.0,Fiction
213,,,,,,,,"Goodnight, Goodnight Construction Site (Hardcover Books for Toddlers, Preschool Books for Kids)",Sherri Duskey Rinker,4.9,7038.0,7.0,2013.0,Fiction
214,,,,,,,,"Happy, Happy, Happy: My Life and Legacy as the Duck Commander",Phil Robertson,4.8,4148.0,11.0,2013.0,Non Fiction
215,,,,,,,,Humans of New York,Brandon Stanton,4.8,3490.0,15.0,2013.0,Non Fiction
216,,,,,,,,"Hyperbole and a Half: Unfortunate Situations, Flawed Coping Mechanisms, Mayhem, and Other Things That Happened",Allie Brosh,4.7,4896.0,17.0,2013.0,Non Fiction
217,,,,,,,,Inferno,Dan Brown,4.1,29651.0,14.0,2013.0,Fiction
218,,,,,,,,Jesus Calling: Enjoying Peace in His Presence (with Scripture References),Sarah Young,4.9,19576.0,8.0,2013.0,Non Fiction
219,,,,,,,,Joyland (Hard Case Crime),Stephen King,4.5,4748.0,12.0,2013.0,Fiction
220,,,,,,,,Killing Jesus (Bill O'Reilly's Killing Series),Bill O'Reilly,4.5,11391.0,12.0,2013.0,Non Fiction
221,,,,,,,,Knock-Knock Jokes for Kids,Rob Elliott,4.5,3673.0,4.0,2013.0,Non Fiction
222,,,,,,,,Laugh-Out-Loud Jokes for Kids,Rob Elliott,4.6,6990.0,4.0,2013.0,Non Fiction
223,,,,,,,,"Lean In: Women, Work, and the Will to Lead",Sheryl Sandberg,4.5,6132.0,13.0,2013.0,Non Fiction
224,,,,,,,,"Oh, the Places You'll Go!",Dr. Seuss,4.9,21834.0,8.0,2013.0,Fiction
225,,,,,,,,Proof of Heaven: A Neurosurgeon's Journey into the Afterlife,Eben Alexander,4.3,13616.0,10.0,2013.0,Non Fiction
226,,,,,,,,"Publication Manual of the American Psychological Association, 6th Edition",American Psychological Association,4.5,8580.0,46.0,2013.0,Non Fiction
227,,,,,,,,Quiet: The Power of Introverts in a World That Can't Stop Talking,Susan Cain,4.6,10009.0,7.0,2013.0,Non Fiction
228,,,,,,,,Rush Revere and the Brave Pilgrims: Time-Travel Adventures with Exceptional Americans (1),Rush Limbaugh,4.9,7150.0,12.0,2013.0,Fiction
229,,,,,,,,Shred: The Revolutionary Diet: 6 Weeks 4 Inches 2 Sizes,Ian K. Smith M.D.,4.1,2272.0,6.0,2013.0,Non Fiction
230,,,,,,,,"Soul Healing Miracles: Ancient and New Sacred Wisdom, Knowledge, and Practical Techniques for Healing the Spiritual…",Zhi Gang Sha,4.6,220.0,17.0,2013.0,Non Fiction
231,,,,,,,,StrengthsFinder 2.0,Gallup,4.0,5069.0,17.0,2013.0,Non Fiction
232,,,,,,,,Sycamore Row (Jake Brigance),John Grisham,4.5,23114.0,18.0,2013.0,Fiction
233,,,,,,,,The 5 Love Languages: The Secret to Love That Lasts,Gary Chapman,4.7,3477.0,28.0,2013.0,Non Fiction
234,,,,,,,,The 7 Habits of Highly Effective People: Powerful Lessons in Personal Change,Stephen R. Covey,4.6,9325.0,24.0,2013.0,Non Fiction
235,,,,,,,,The Book Thief,Markus Zusak,4.6,23148.0,6.0,2013.0,Fiction
236,,,,,,,,The Day the Crayons Quit,Drew Daywalt,4.8,8922.0,9.0,2013.0,Fiction
237,,,,,,,,The Fault in Our Stars,John Green,4.7,50482.0,13.0,2013.0,Fiction
238,,,,,,,,The Five Dysfunctions of a Team: A Leadership Fable,Patrick Lencioni,4.6,3207.0,6.0,2013.0,Non Fiction
239,,,,,,,,The Four Agreements: A Practical Guide to Personal Freedom (A Toltec Wisdom Book),Don Miguel Ruiz,4.7,23308.0,6.0,2013.0,Non Fiction
240,,,,,,,,The Goldfinch: A Novel (Pulitzer Prize for Fiction),Donna Tartt,3.9,33844.0,20.0,2013.0,Fiction
241,,,,,,,,The Great Gatsby,F. Scott Fitzgerald,4.4,11616.0,7.0,2013.0,Fiction
242,,,,,,,,"The House of Hades (Heroes of Olympus, Book 4)",Rick Riordan,4.8,6982.0,14.0,2013.0,Fiction
243,,,,,,,,The Legend of Zelda: Hyrule Historia,Patrick Thorpe,4.9,5396.0,20.0,2013.0,Fiction
244,,,,,,,,The Official SAT Study Guide,The College Board,4.4,1201.0,40.0,2013.0,Non Fiction
245,,,,,,,,"The Pioneer Woman Cooks: A Year of Holidays: 140 Step-by-Step Recipes for Simple, Scrumptious Celebrations",Ree Drummond,4.8,2663.0,17.0,2013.0,Non Fiction
246,,,,,,,,The Very Hungry Caterpillar,Eric Carle,4.9,19546.0,5.0,2013.0,Fiction
247,,,,,,,,"Things That Matter: Three Decades of Passions, Pastimes and Politics [Deckled Edge]",Charles Krauthammer,4.7,7034.0,15.0,2013.0,Non Fiction
248,,,,,,,,To Kill a Mockingbird,Harper Lee,4.8,26234.0,0.0,2013.0,Fiction
249,,,,,,,,"Wheat Belly: Lose the Wheat, Lose the Weight, and Find Your Path Back to Health",William Davis,4.4,7497.0,6.0,2013.0,Non Fiction
250,,,,,,,,Wonder,R. J. Palacio,4.8,21625.0,9.0,2013.0,Fiction
251,,,,,,,,A Game of Thrones / A Clash of Kings / A Storm of Swords / A Feast of Crows / A Dance with Dragons,George R. R. Martin,4.7,19735.0,30.0,2014.0,Fiction
252,,,,,,,,All the Light We Cannot See,Anthony Doerr,4.6,36348.0,14.0,2014.0,Fiction
253,,,,,,,,Capital in the Twenty First Century,Thomas Piketty,4.5,2884.0,28.0,2014.0,Non Fiction
254,,,,,,,,"Diagnostic and Statistical Manual of Mental Disorders, 5th Edition: DSM-5",American Psychiatric Association,4.5,6679.0,105.0,2014.0,Non Fiction
255,,,,,,,,Diary of a Wimpy Kid: The Long Haul,Jeff Kinney,4.8,6540.0,22.0,2014.0,Fiction
256,,,,,,,,Divergent,Veronica Roth,4.6,27098.0,15.0,2014.0,Fiction
257,,,,,,,,Divergent / Insurgent,Veronica Roth,4.5,17684.0,6.0,2014.0,Fiction
258,,,,,,,,First 100 Words,Roger Priddy,4.7,17323.0,4.0,2014.0,Non Fiction
259,,,,,,,,Frozen (Little Golden Book),RH Disney,4.7,3642.0,0.0,2014.0,Fiction
260,,,,,,,,Gone Girl,Gillian Flynn,4.0,57271.0,9.0,2014.0,Fiction
261,,,,,,,,"Grain Brain: The Surprising Truth about Wheat, Carbs, and Sugar--Your Brain's Silent Killers",David Perlmutter MD,4.6,5972.0,10.0,2014.0,Non Fiction
262,,,,,,,,How to Win Friends & Influence People,Dale Carnegie,4.7,25001.0,11.0,2014.0,Non Fiction
263,,,,,,,,Humans of New York,Brandon Stanton,4.8,3490.0,15.0,2014.0,Non Fiction
264,,,,,,,,If I Stay,Gayle Forman,4.3,7153.0,9.0,2014.0,Fiction
265,,,,,,,,Jesus Calling: Enjoying Peace in His Presence (with Scripture References),Sarah Young,4.9,19576.0,8.0,2014.0,Non Fiction
266,,,,,,,,JOURNEY TO THE ICE P,RH Disney,4.6,978.0,0.0,2014.0,Fiction
267,,,,,,,,Killing Patton: The Strange Death of World War II's Most Audacious General (Bill O'Reilly's Killing Series),Bill O'Reilly,4.6,10927.0,6.0,2014.0,Non Fiction
268,,,,,,,,Knock-Knock Jokes for Kids,Rob Elliott,4.5,3673.0,4.0,2014.0,Non Fiction
269,,,,,,,,Laugh-Out-Loud Jokes for Kids,Rob Elliott,4.6,6990.0,4.0,2014.0,Non Fiction
270,,,,,,,,Little Blue Truck,Alice Schertle,4.9,1884.0,0.0,2014.0,Fiction
271,,,,,,,,Looking for Alaska,John Green,4.5,8491.0,7.0,2014.0,Fiction
272,,,,,,,,Love You Forever,Robert Munsch,4.8,18613.0,5.0,2014.0,Fiction
273,,,,,,,,Make It Ahead: A Barefoot Contessa Cookbook,Ina Garten,4.5,1386.0,20.0,2014.0,Non Fiction
274,,,,,,,,Mindset: The New Psychology of Success,Carol S. Dweck,4.6,5542.0,10.0,2014.0,Non Fiction
275,,,,,,,,"Oh, the Places You'll Go!",Dr. Seuss,4.9,21834.0,8.0,2014.0,Fiction
276,,,,,,,,Orphan Train,Christina Baker Kline,4.6,21930.0,11.0,2014.0,Fiction
277,,,,,,,,"Publication Manual of the American Psychological Association, 6th Edition",American Psychological Association,4.5,8580.0,46.0,2014.0,Non Fiction
278,,,,,,,,Rush Revere and the First Patriots: Time-Travel Adventures With Exceptional Americans (2),Rush Limbaugh,4.9,3836.0,12.0,2014.0,Fiction
279,,,,,,,,StrengthsFinder 2.0,Gallup,4.0,5069.0,17.0,2014.0,Non Fiction
280,,,,,,,,The 5 Love Languages: The Secret to Love That Lasts,Gary Chapman,4.7,3477.0,28.0,2014.0,Non Fiction
281,,,,,,,,The Alchemist,Paulo Coelho,4.7,35799.0,39.0,2014.0,Fiction
282,,,,,,,,The Blood of Olympus (The Heroes of Olympus (5)),Rick Riordan,4.8,6600.0,11.0,2014.0,Fiction
283,,,,,,,,The Book Thief,Markus Zusak,4.6,23148.0,6.0,2014.0,Fiction
284,,,,,,,,The Book with No Pictures,B. J. Novak,4.8,8081.0,8.0,2014.0,Fiction
285,,,,,,,,The Boys in the Boat: Nine Americans and Their Epic Quest for Gold at the 1936 Berlin Olympics,Daniel James Brown,4.8,23358.0,12.0,2014.0,Non Fiction
286,,,,,,,,The Day the Crayons Quit,Drew Daywalt,4.8,8922.0,9.0,2014.0,Fiction
287,,,,,,,,The Fault in Our Stars,John Green,4.7,50482.0,7.0,2014.0,Fiction
288,,,,,,,,The Fault in Our Stars,John Green,4.7,50482.0,13.0,2014.0,Fiction
289,,,,,,,,The Goldfinch: A Novel (Pulitzer Prize for Fiction),Donna Tartt,3.9,33844.0,20.0,2014.0,Fiction
290,,,,,,,,The Great Gatsby,F. Scott Fitzgerald,4.4,11616.0,7.0,2014.0,Fiction
291,,,,,,,,The Maze Runner (Book 1),James Dashner,4.5,10101.0,8.0,2014.0,Fiction
292,,,,,,,,The Official SAT Study Guide,The College Board,4.4,1201.0,40.0,2014.0,Non Fiction
293,,,,,,,,The Very Hungry Caterpillar,Eric Carle,4.9,19546.0,5.0,2014.0,Fiction
294,,,,,,,,Thug Kitchen: The Official Cookbook: Eat Like You Give a F*ck (Thug Kitchen Cookbooks),Thug Kitchen,4.6,11128.0,23.0,2014.0,Non Fiction
295,,,,,,,,To Kill a Mockingbird,Harper Lee,4.8,26234.0,0.0,2014.0,Fiction
296,,,,,,,,Ultimate Sticker Book: Frozen: More Than 60 Reusable Full-Color Stickers,DK,4.5,2586.0,5.0,2014.0,Fiction
297,,,,,,,,"Unbroken: A World War II Story of Survival, Resilience, and Redemption",Laura Hillenbrand,4.8,29673.0,13.0,2014.0,Non Fiction
298,,,,,,,,"Unbroken: A World War II Story of Survival, Resilience, and Redemption",Laura Hillenbrand,4.8,29673.0,16.0,2014.0,Non Fiction
299,,,,,,,,What If?: Serious Scientific Answers to Absurd Hypothetical Questions,Randall Munroe,4.7,9292.0,17.0,2014.0,Non Fiction
300,,,,,,,,Wonder,R. J. Palacio,4.8,21625.0,9.0,2014.0,Fiction
301,,,,,,,,Adult Coloring Book: Stress Relieving Animal Designs,Blue Star Coloring,4.6,2925.0,6.0,2015.0,Non Fiction
302,,,,,,,,Adult Coloring Book: Stress Relieving Patterns,Blue Star Coloring,4.4,2951.0,6.0,2015.0,Non Fiction
303,,,,,,,,"Adult Coloring Books: A Coloring Book for Adults Featuring Mandalas and Henna Inspired Flowers, Animals, and Paisley…",Coloring Books for Adults,4.5,2426.0,8.0,2015.0,Non Fiction
304,,,,,,,,All the Light We Cannot See,Anthony Doerr,4.6,36348.0,14.0,2015.0,Fiction
305,,,,,,,,American Sniper: The Autobiography of the Most Lethal Sniper in U.S. Military History,Chris Kyle,4.6,15921.0,9.0,2015.0,Non Fiction
306,,,,,,,,Baby Touch and Feel: Animals,DK,4.6,5360.0,5.0,2015.0,Non Fiction
307,,,,,,,,Balance (Angie's Extreme Stress Menders),Angie Grace,4.6,1909.0,11.0,2015.0,Non Fiction
308,,,,,,,,Being Mortal: Medicine and What Matters in the End,Atul Gawande,4.8,11113.0,15.0,2015.0,Non Fiction
309,,,,,,,,Between the World and Me,Ta-Nehisi Coates,4.7,10070.0,13.0,2015.0,Non Fiction
310,,,,,,,,Creative Haven Creative Cats Coloring Book (Adult Coloring),Marjorie Sarnat,4.8,4022.0,4.0,2015.0,Non Fiction
311,,,,,,,,Creative Haven Owls Coloring Book (Adult Coloring),Marjorie Sarnat,4.8,3871.0,5.0,2015.0,Non Fiction
312,,,,,,,,Dear Zoo: A Lift-the-Flap Book,Rod Campbell,4.8,10922.0,5.0,2015.0,Fiction
313,,,,,,,,Dover Creative Haven Art Nouveau Animal Designs Coloring Book (Creative Haven Coloring Books),Marty Noble,4.6,2134.0,5.0,2015.0,Non Fiction
314,,,,,,,,"Enchanted Forest: An Inky Quest and Coloring book (Activity Books, Mindfulness and Meditation, Illustrated Floral Prints…",Johanna Basford,4.7,5413.0,9.0,2015.0,Non Fiction
315,,,,,,,,First 100 Words,Roger Priddy,4.7,17323.0,4.0,2015.0,Non Fiction
316,,,,,,,,Giraffes Can't Dance,Giles Andreae,4.8,14038.0,4.0,2015.0,Fiction
317,,,,,,,,Go Set a Watchman: A Novel,Harper Lee,3.6,14982.0,19.0,2015.0,Fiction
318,,,,,,,,Grey: Fifty Shades of Grey as Told by Christian (Fifty Shades of Grey Series),E L James,4.4,25624.0,14.0,2015.0,Fiction
319,,,,,,,,Harry Potter Coloring Book,Scholastic,4.7,3564.0,9.0,2015.0,Non Fiction
320,,,,,,,,How to Win Friends & Influence People,Dale Carnegie,4.7,25001.0,11.0,2015.0,Non Fiction
321,,,,,,,,Humans of New York : Stories,Brandon Stanton,4.9,2812.0,17.0,2015.0,Non Fiction
322,,,,,,,,Jesus Calling: Enjoying Peace in His Presence (with Scripture References),Sarah Young,4.9,19576.0,8.0,2015.0,Non Fiction
323,,,,,,,,Killing Reagan: The Violent Assault That Changed a Presidency (Bill O'Reilly's Killing Series),Bill O'Reilly,4.6,5235.0,5.0,2015.0,Non Fiction
324,,,,,,,,Knock-Knock Jokes for Kids,Rob Elliott,4.5,3673.0,4.0,2015.0,Non Fiction
325,,,,,,,,Laugh-Out-Loud Jokes for Kids,Rob Elliott,4.6,6990.0,4.0,2015.0,Non Fiction
326,,,,,,,,Love You Forever,Robert Munsch,4.8,18613.0,5.0,2015.0,Fiction
327,,,,,,,,Mindset: The New Psychology of Success,Carol S. Dweck,4.6,5542.0,10.0,2015.0,Non Fiction
328,,,,,,,,"Oh, the Places You'll Go!",Dr. Seuss,4.9,21834.0,8.0,2015.0,Fiction
329,,,,,,,,Old School (Diary of a Wimpy Kid #10),Jeff Kinney,4.8,6169.0,7.0,2015.0,Fiction
330,,,,,,,,"Publication Manual of the American Psychological Association, 6th Edition",American Psychological Association,4.5,8580.0,46.0,2015.0,Non Fiction
331,,,,,,,,"Secret Garden: An Inky Treasure Hunt and Coloring Book (For Adults, mindfulness coloring)",Johanna Basford,4.7,9366.0,9.0,2015.0,Non Fiction
332,,,,,,,,StrengthsFinder 2.0,Gallup,4.0,5069.0,17.0,2015.0,Non Fiction
333,,,,,,,,The 5 Love Languages: The Secret to Love that Lasts,Gary Chapman,4.8,25554.0,8.0,2015.0,Non Fiction
334,,,,,,,,The 7 Habits of Highly Effective People: Powerful Lessons in Personal Change,Stephen R. Covey,4.7,4725.0,16.0,2015.0,Non Fiction
335,,,,,,,,The Book with No Pictures,B. J. Novak,4.8,8081.0,8.0,2015.0,Fiction
336,,,,,,,,The Boys in the Boat: Nine Americans and Their Epic Quest for Gold at the 1936 Berlin Olympics,Daniel James Brown,4.8,23358.0,12.0,2015.0,Non Fiction
337,,,,,,,,The Day the Crayons Quit,Drew Daywalt,4.8,8922.0,9.0,2015.0,Fiction
338,,,,,,,,The Four Agreements: A Practical Guide to Personal Freedom (A Toltec Wisdom Book),Don Miguel Ruiz,4.7,23308.0,6.0,2015.0,Non Fiction
339,,,,,,,,The Girl on the Train,Paula Hawkins,4.1,79446.0,18.0,2015.0,Fiction
340,,,,,,,,The Life-Changing Magic of Tidying Up: The Japanese Art of Decluttering and Organizing,Marie Kondō,4.5,22641.0,11.0,2015.0,Non Fiction
341,,,,,,,,The Martian,Andy Weir,4.7,39459.0,9.0,2015.0,Fiction
342,,,,,,,,The Nightingale: A Novel,Kristin Hannah,4.8,49288.0,11.0,2015.0,Fiction
343,,,,,,,,"The Pioneer Woman Cooks: Dinnertime - Comfort Classics, Freezer Food, 16-minute Meals, and Other Delicious Ways to Solve…",Ree Drummond,4.8,3428.0,14.0,2015.0,Non Fiction
344,,,,,,,,The Very Hungry Caterpillar,Eric Carle,4.9,19546.0,5.0,2015.0,Fiction
345,,,,,,,,The Whole30: The 30-Day Guide to Total Health and Food Freedom,Melissa Hartwig Urban,4.6,7508.0,16.0,2015.0,Non Fiction
346,,,,,,,,The Wright Brothers,David McCullough,4.7,6169.0,16.0,2015.0,Non Fiction
347,,,,,,,,Thug Kitchen: The Official Cookbook: Eat Like You Give a F*ck (Thug Kitchen Cookbooks),Thug Kitchen,4.6,11128.0,23.0,2015.0,Non Fiction
348,,,,,,,,To Kill a Mockingbird,Harper Lee,4.8,26234.0,0.0,2015.0,Fiction
349,,,,,,,,What Pet Should I Get? (Classic Seuss),Dr. Seuss,4.7,1873.0,14.0,2015.0,Fiction
350,,,,,,,,Wonder,R. J. Palacio,4.8,21625.0,9.0,2015.0,Fiction
351,,,,,,,,10-Day Green Smoothie Cleanse,JJ Smith,4.7,17350.0,8.0,2016.0,Non Fiction
352,,,,,,,,A Man Called Ove: A Novel,Fredrik Backman,4.6,23848.0,8.0,2016.0,Fiction
353,,,,,,,,"Adult Coloring Book Designs: Stress Relief Coloring Book: Garden Designs, Mandalas, Animals, and Paisley Patterns",Adult Coloring Book Designs,4.5,2313.0,4.0,2016.0,Non Fiction
354,,,,,,,,Alexander Hamilton,Ron Chernow,4.8,9198.0,13.0,2016.0,Non Fiction
355,,,,,,,,Between the World and Me,Ta-Nehisi Coates,4.7,10070.0,13.0,2016.0,Non Fiction
356,,,,,,,,Born to Run,Bruce Springsteen,4.7,3729.0,18.0,2016.0,Non Fiction
357,,,,,,,,Calm the F*ck Down: An Irreverent Adult Coloring Book (Irreverent Book Series),Sasha O'Hara,4.6,10369.0,4.0,2016.0,Non Fiction
358,,,,,,,,Cravings: Recipes for All the Food You Want to Eat: A Cookbook,Chrissy Teigen,4.7,4761.0,16.0,2016.0,Non Fiction
359,,,,,,,,Dear Zoo: A Lift-the-Flap Book,Rod Campbell,4.8,10922.0,5.0,2016.0,Fiction
360,,,,,,,,Double Down (Diary of a Wimpy Kid #11),Jeff Kinney,4.8,5118.0,20.0,2016.0,Fiction
361,,,,,,,,Fahrenheit 451,Ray Bradbury,4.6,10721.0,8.0,2016.0,Fiction
362,,,,,,,,Fantastic Beasts and Where to Find Them: The Original Screenplay (Harry Potter),J.K. Rowling,4.7,4370.0,15.0,2016.0,Fiction
363,,,,,,,,First 100 Words,Roger Priddy,4.7,17323.0,4.0,2016.0,Non Fiction
364,,,,,,,,Giraffes Can't Dance,Giles Andreae,4.8,14038.0,4.0,2016.0,Fiction
365,,,,,,,,Hamilton: The Revolution,Lin-Manuel Miranda,4.9,5867.0,54.0,2016.0,Non Fiction
366,,,,,,,,"Harry Potter and the Chamber of Secrets: The Illustrated Edition (Harry Potter, Book 2)",J.K. Rowling,4.9,19622.0,30.0,2016.0,Fiction
367,,,,,,,,"Harry Potter and the Cursed Child, Parts 1 & 2, Special Rehearsal Edition Script",J.K. Rowling,4.0,23973.0,12.0,2016.0,Fiction
368,,,,,,,,"Harry Potter and the Sorcerer's Stone: The Illustrated Edition (Harry Potter, Book 1)",J.K. Rowling,4.9,10052.0,22.0,2016.0,Fiction
369,,,,,,,,Harry Potter Paperback Box Set (Books 1-7),J. K. Rowling,4.8,13471.0,52.0,2016.0,Fiction
370,,,,,,,,Hillbilly Elegy: A Memoir of a Family and Culture in Crisis,J. D. Vance,4.4,15526.0,14.0,2016.0,Non Fiction
371,,,,,,,,How to Win Friends & Influence People,Dale Carnegie,4.7,25001.0,11.0,2016.0,Non Fiction
372,,,,,,,,Jesus Calling: Enjoying Peace in His Presence (with Scripture References),Sarah Young,4.9,19576.0,8.0,2016.0,Non Fiction
373,,,,,,,,Killing the Rising Sun: How America Vanquished World War II Japan (Bill O'Reilly's Killing Series),Bill O'Reilly,4.8,8916.0,6.0,2016.0,Non Fiction
374,,,,,,,,Laugh-Out-Loud Jokes for Kids,Rob Elliott,4.6,6990.0,4.0,2016.0,Non Fiction
375,,,,,,,,Milk and Honey,Rupi Kaur,4.7,17739.0,8.0,2016.0,Non Fiction
376,,,,,,,,Mindset: The New Psychology of Success,Carol S. Dweck,4.6,5542.0,10.0,2016.0,Non Fiction
377,,,,,,,,Night (Night),Elie Wiesel,4.7,5178.0,9.0,2016.0,Non Fiction
378,,,,,,,,"Oh, the Places You'll Go!",Dr. Seuss,4.9,21834.0,8.0,2016.0,Fiction
379,,,,,,,,Pokémon Deluxe Essential Handbook: The Need-to-Know Stats and Facts on Over 700 Pokémon,Scholastic,4.7,3503.0,9.0,2016.0,Fiction
380,,,,,,,,"Publication Manual of the American Psychological Association, 6th Edition",American Psychological Association,4.5,8580.0,46.0,2016.0,Non Fiction
381,,,,,,,,StrengthsFinder 2.0,Gallup,4.0,5069.0,17.0,2016.0,Non Fiction
382,,,,,,,,The 5 Love Languages: The Secret to Love that Lasts,Gary Chapman,4.8,25554.0,8.0,2016.0,Non Fiction
383,,,,,,,,The 7 Habits of Highly Effective People: Powerful Lessons in Personal Change,Stephen R. Covey,4.7,4725.0,16.0,2016.0,Non Fiction
384,,,,,,,,The Constitution of the United States,Delegates of the Constitutional,4.8,2774.0,0.0,2016.0,Non Fiction
385,,,,,,,,The Four Agreements: A Practical Guide to Personal Freedom (A Toltec Wisdom Book),Don Miguel Ruiz,4.7,23308.0,6.0,2016.0,Non Fiction
386,,,,,,,,The Girl on the Train,Paula Hawkins,4.1,79446.0,7.0,2016.0,Fiction
387,,,,,,,,The Going-To-Bed Book,Sandra Boynton,4.8,5249.0,5.0,2016.0,Fiction
388,,,,,,,,The Life-Changing Magic of Tidying Up: The Japanese Art of Decluttering and Organizing,Marie Kondō,4.5,22641.0,11.0,2016.0,Non Fiction
389,,,,,,,,The Magnolia Story,Chip Gaines,4.9,7861.0,5.0,2016.0,Non Fiction
390,,,,,,,,The Nightingale: A Novel,Kristin Hannah,4.8,49288.0,11.0,2016.0,Fiction
391,,,,,,,,"The Official SAT Study Guide, 2016 Edition (Official Study Guide for the New Sat)",The College Board,4.3,807.0,36.0,2016.0,Non Fiction
392,,,,,,,,The Very Hungry Caterpillar,Eric Carle,4.9,19546.0,5.0,2016.0,Fiction
393,,,,,,,,The Whole30: The 30-Day Guide to Total Health and Food Freedom,Melissa Hartwig Urban,4.6,7508.0,16.0,2016.0,Non Fiction
394,,,,,,,,The Wonderful Things You Will Be,Emily Winfield Martin,4.9,8842.0,10.0,2016.0,Fiction
395,,,,,,,,Thug Kitchen: The Official Cookbook: Eat Like You Give a F*ck (Thug Kitchen Cookbooks),Thug Kitchen,4.6,11128.0,23.0,2016.0,Non Fiction
396,,,,,,,,To Kill a Mockingbird,Harper Lee,4.8,26234.0,0.0,2016.0,Fiction
397,,,,,,,,"Uninvited: Living Loved When You Feel Less Than, Left Out, and Lonely",Lysa TerKeurst,4.7,4585.0,9.0,2016.0,Non Fiction
398,,,,,,,,When Breath Becomes Air,Paul Kalanithi,4.8,13779.0,14.0,2016.0,Non Fiction
399,,,,,,,,Wonder,R. J. Palacio,4.8,21625.0,9.0,2016.0,Fiction
400,,,,,,,,You Are a Badass: How to Stop Doubting Your Greatness and Start Living an Awesome Life,Jen Sincero,4.7,14331.0,8.0,2016.0,Non Fiction
401,,,,,,,,1984 (Signet Classics),George Orwell,4.7,21424.0,6.0,2017.0,Fiction
402,,,,,,,,A Gentleman in Moscow: A Novel,Amor Towles,4.7,19699.0,15.0,2017.0,Fiction
403,,,,,,,,A Man Called Ove: A Novel,Fredrik Backman,4.6,23848.0,8.0,2017.0,Fiction
404,,,,,,,,Astrophysics for People in a Hurry,Neil deGrasse Tyson,4.7,9374.0,9.0,2017.0,Non Fiction
405,,,,,,,,"Brown Bear, Brown Bear, What Do You See?",Bill Martin Jr.,4.9,14344.0,5.0,2017.0,Fiction
406,,,,,,,,Dear Zoo: A Lift-the-Flap Book,Rod Campbell,4.8,10922.0,5.0,2017.0,Fiction
407,,,,,,,,Dog Man: A Tale of Two Kitties: From the Creator of Captain Underpants (Dog Man #3),Dav Pilkey,4.9,4786.0,8.0,2017.0,Fiction
408,,,,,,,,First 100 Words,Roger Priddy,4.7,17323.0,4.0,2017.0,Non Fiction
409,,,,,,,,Giraffes Can't Dance,Giles Andreae,4.8,14038.0,4.0,2017.0,Fiction
410,,,,,,,,Goodnight Moon,Margaret Wise Brown,4.8,8837.0,5.0,2017.0,Fiction
411,,,,,,,,"Harry Potter and the Prisoner of Azkaban: The Illustrated Edition (Harry Potter, Book 3)",J.K. Rowling,4.9,3146.0,30.0,2017.0,Fiction
412,,,,,,,,Hillbilly Elegy: A Memoir of a Family and Culture in Crisis,J. D. Vance,4.4,15526.0,14.0,2017.0,Non Fiction
413,,,,,,,,How to Win Friends & Influence People,Dale Carnegie,4.7,25001.0,11.0,2017.0,Non Fiction
414,,,,,,,,If Animals Kissed Good Night,Ann Whitford Paul,4.8,16643.0,4.0,2017.0,Fiction
415,,,,,,,,Killers of the Flower Moon: The Osage Murders and the Birth of the FBI,David Grann,4.6,8393.0,17.0,2017.0,Non Fiction
416,,,,,,,,Laugh-Out-Loud Jokes for Kids,Rob Elliott,4.6,6990.0,4.0,2017.0,Non Fiction
417,,,,,,,,Leonardo da Vinci,Walter Isaacson,4.5,3014.0,21.0,2017.0,Non Fiction
418,,,,,,,,Make Your Bed: Little Things That Can Change Your Life...And Maybe the World,Admiral William H. McRaven,4.7,10199.0,11.0,2017.0,Non Fiction
419,,,,,,,,Milk and Honey,Rupi Kaur,4.7,17739.0,8.0,2017.0,Non Fiction
420,,,,,,,,Milk and Vine: Inspirational Quotes From Classic Vines,Adam Gasiewski,4.4,3113.0,6.0,2017.0,Non Fiction
421,,,,,,,,Obama: An Intimate Portrait,Pete Souza,4.9,3192.0,22.0,2017.0,Non Fiction
422,,,,,,,,"Oh, the Places You'll Go!",Dr. Seuss,4.9,21834.0,8.0,2017.0,Fiction
423,,,,,,,,"Option B: Facing Adversity, Building Resilience, and Finding Joy",Sheryl Sandberg,4.5,1831.0,9.0,2017.0,Non Fiction
424,,,,,,,,Origin: A Novel (Robert Langdon),Dan Brown,4.3,18904.0,13.0,2017.0,Fiction
425,,,,,,,,Player's Handbook (Dungeons & Dragons),Wizards RPG Team,4.8,16990.0,27.0,2017.0,Fiction
426,,,,,,,,"Publication Manual of the American Psychological Association, 6th Edition",American Psychological Association,4.5,8580.0,46.0,2017.0,Non Fiction
427,,,,,,,,Puppy Birthday to You! (Paw Patrol) (Little Golden Book),Golden Books,4.8,4757.0,4.0,2017.0,Fiction
428,,,,,,,,Ready Player One: A Novel,Ernest Cline,4.6,22536.0,12.0,2017.0,Fiction
429,,,,,,,,StrengthsFinder 2.0,Gallup,4.0,5069.0,17.0,2017.0,Non Fiction
430,,,,,,,,The 5 Love Languages: The Secret to Love that Lasts,Gary Chapman,4.8,25554.0,8.0,2017.0,Non Fiction
431,,,,,,,,The 7 Habits of Highly Effective People: Powerful Lessons in Personal Change,Stephen R. Covey,4.7,4725.0,16.0,2017.0,Non Fiction
432,,,,,,,,The Four Agreements: A Practical Guide to Personal Freedom (A Toltec Wisdom Book),Don Miguel Ruiz,4.7,23308.0,6.0,2017.0,Non Fiction
433,,,,,,,,The Getaway,Jeff Kinney,4.8,5836.0,0.0,2017.0,Fiction
434,,,,,,,,The Going-To-Bed Book,Sandra Boynton,4.8,5249.0,5.0,2017.0,Fiction
435,,,,,,,,The Handmaid's Tale,Margaret Atwood,4.3,29442.0,7.0,2017.0,Fiction
436,,,,,,,,The Instant Pot Electric Pressure Cooker Cookbook: Easy Recipes for Fast & Healthy Meals,Laurel Randolph,4.3,7368.0,7.0,2017.0,Non Fiction
437,,,,,,,,The Life-Changing Magic of Tidying Up: The Japanese Art of Decluttering and Organizing,Marie Kondō,4.5,22641.0,11.0,2017.0,Non Fiction
438,,,,,,,,The Pout-Pout Fish,Deborah Diesen,4.8,9784.0,5.0,2017.0,Fiction
439,,,,,,,,The Shack: Where Tragedy Confronts Eternity,William P. Young,4.6,19720.0,8.0,2017.0,Fiction
440,,,,,,,,The Subtle Art of Not Giving a F*ck: A Counterintuitive Approach to Living a Good Life,Mark Manson,4.6,26490.0,15.0,2017.0,Non Fiction
441,,,,,,,,The Sun and Her Flowers,Rupi Kaur,4.7,5487.0,9.0,2017.0,Non Fiction
442,,,,,,,,The Very Hungry Caterpillar,Eric Carle,4.9,19546.0,5.0,2017.0,Fiction
443,,,,,,,,The Whole30: The 30-Day Guide to Total Health and Food Freedom,Melissa Hartwig Urban,4.6,7508.0,16.0,2017.0,Non Fiction
444,,,,,,,,The Wonderful Things You Will Be,Emily Winfield Martin,4.9,8842.0,10.0,2017.0,Fiction
445,,,,,,,,Thirteen Reasons Why,Jay Asher,4.5,7932.0,9.0,2017.0,Fiction
446,,,,,,,,Thug Kitchen: The Official Cookbook: Eat Like You Give a F*ck (Thug Kitchen Cookbooks),Thug Kitchen,4.6,11128.0,23.0,2017.0,Non Fiction
447,,,,,,,,"Tools of Titans: The Tactics, Routines, and Habits of Billionaires, Icons, and World-Class Performers",Timothy Ferriss,4.6,4360.0,21.0,2017.0,Non Fiction
448,,,,,,,,What Happened,Hillary Rodham Clinton,4.6,5492.0,18.0,2017.0,Non Fiction
449,,,,,,,,Wonder,R. J. Palacio,4.8,21625.0,9.0,2017.0,Fiction
450,,,,,,,,You Are a Badass: How to Stop Doubting Your Greatness and Start Living an Awesome Life,Jen Sincero,4.7,14331.0,8.0,2017.0,Non Fiction
451,,,,,,,,12 Rules for Life: An Antidote to Chaos,Jordan B. Peterson,4.7,18979.0,15.0,2018.0,Non Fiction
452,,,,,,,,"A Higher Loyalty: Truth, Lies, and Leadership",James Comey,4.7,5983.0,3.0,2018.0,Non Fiction
453,,,,,,,,A Wrinkle in Time (Time Quintet),Madeleine L'Engle,4.5,5153.0,5.0,2018.0,Fiction
454,,,,,,,,Becoming,Michelle Obama,4.8,61133.0,11.0,2018.0,Non Fiction
455,,,,,,,,Crazy Rich Asians (Crazy Rich Asians Trilogy),Kevin Kwan,4.3,6143.0,8.0,2018.0,Fiction
456,,,,,,,,Dear Zoo: A Lift-the-Flap Book,Rod Campbell,4.8,10922.0,5.0,2018.0,Fiction
457,,,,,,,,Dog Man and Cat Kid: From the Creator of Captain Underpants (Dog Man #4),Dav Pilkey,4.9,5062.0,6.0,2018.0,Fiction
458,,,,,,,,Dog Man: Brawl of the Wild: From the Creator of Captain Underpants (Dog Man #6),Dav Pilkey,4.9,7235.0,4.0,2018.0,Fiction
459,,,,,,,,Dog Man: Lord of the Fleas: From the Creator of Captain Underpants (Dog Man #5),Dav Pilkey,4.9,5470.0,6.0,2018.0,Fiction
460,,,,,,,,Educated: A Memoir,Tara Westover,4.7,28729.0,15.0,2018.0,Non Fiction
461,,,,,,,,Fahrenheit 451,Ray Bradbury,4.6,10721.0,8.0,2018.0,Fiction
462,,,,,,,,Fear: Trump in the White House,Bob Woodward,4.4,6042.0,2.0,2018.0,Non Fiction
463,,,,,,,,Fire and Fury: Inside the Trump White House,Michael Wolff,4.2,13677.0,6.0,2018.0,Non Fiction
464,,,,,,,,First 100 Words,Roger Priddy,4.7,17323.0,4.0,2018.0,Non Fiction
465,,,,,,,,Giraffes Can't Dance,Giles Andreae,4.8,14038.0,4.0,2018.0,Fiction
466,,,,,,,,"Girl, Wash Your Face: Stop Believing the Lies About Who You Are So You Can Become Who You Were Meant to Be",Rachel Hollis,4.6,22288.0,12.0,2018.0,Non Fiction
467,,,,,,,,Goodnight Moon,Margaret Wise Brown,4.8,8837.0,5.0,2018.0,Fiction
468,,,,,,,,Homebody: A Guide to Creating Spaces You Never Want to Leave,Joanna Gaines,4.8,3776.0,22.0,2018.0,Non Fiction
469,,,,,,,,How to Win Friends & Influence People,Dale Carnegie,4.7,25001.0,11.0,2018.0,Non Fiction
470,,,,,,,,Instant Pot Pressure Cooker Cookbook: 500 Everyday Recipes for Beginners and Advanced Users. Try Easy and Healthy…,Jennifer Smith,4.4,7396.0,13.0,2018.0,Non Fiction
471,,,,,,,,Kitchen Confidential Updated Edition: Adventures in the Culinary Underbelly (P.S.),Anthony Bourdain,4.8,2507.0,8.0,2018.0,Non Fiction
472,,,,,,,,"Last Week Tonight with John Oliver Presents A Day in the Life of Marlon Bundo (Better Bundo Book, LGBT Childrens Book)",Jill Twiss,4.9,11881.0,13.0,2018.0,Fiction
473,,,,,,,,Lettering and Modern Calligraphy: A Beginner's Guide: Learn Hand Lettering and Brush Lettering,Paper Peony Press,4.4,7550.0,6.0,2018.0,Non Fiction
474,,,,,,,,Little Fires Everywhere,Celeste Ng,4.5,25706.0,12.0,2018.0,Fiction
475,,,,,,,,Magnolia Table: A Collection of Recipes for Gathering,Joanna Gaines,4.8,9867.0,16.0,2018.0,Non Fiction
476,,,,,,,,Milk and Honey,Rupi Kaur,4.7,17739.0,8.0,2018.0,Non Fiction
477,,,,,,,,"Oh, the Places You'll Go!",Dr. Seuss,4.9,21834.0,8.0,2018.0,Fiction
478,,,,,,,,P is for Potty! (Sesame Street) (Lift-the-Flap),Naomi Kleinberg,4.7,10820.0,5.0,2018.0,Non Fiction
479,,,,,,,,Player's Handbook (Dungeons & Dragons),Wizards RPG Team,4.8,16990.0,27.0,2018.0,Fiction
480,,,,,,,,"Publication Manual of the American Psychological Association, 6th Edition",American Psychological Association,4.5,8580.0,46.0,2018.0,Non Fiction
481,,,,,,,,Ready Player One: A Novel,Ernest Cline,4.6,22536.0,12.0,2018.0,Fiction
482,,,,,,,,"Salt, Fat, Acid, Heat: Mastering the Elements of Good Cooking",Samin Nosrat,4.8,7802.0,20.0,2018.0,Non Fiction
483,,,,,,,,"School Zone - Big Preschool Workbook - Ages 4 and Up, Colors, Shapes, Numbers 1-10, Alphabet, Pre-Writing, Pre-Reading…",School Zone,4.8,23047.0,6.0,2018.0,Non Fiction
484,,,,,,,,Ship of Fools: How a Selfish Ruling Class Is Bringing America to the Brink of Revolution,Tucker Carlson,4.8,3923.0,16.0,2018.0,Non Fiction
485,,,,,,,,The 5 Love Languages: The Secret to Love that Lasts,Gary Chapman,4.8,25554.0,8.0,2018.0,Non Fiction
486,,,,,,,,The Complete Ketogenic Diet for Beginners: Your Essential Guide to Living the Keto Lifestyle,Amy Ramos,4.3,13061.0,6.0,2018.0,Non Fiction
487,,,,,,,,The Four Agreements: A Practical Guide to Personal Freedom (A Toltec Wisdom Book),Don Miguel Ruiz,4.7,23308.0,6.0,2018.0,Non Fiction
488,,,,,,,,The Hate U Give,Angie Thomas,4.8,9947.0,11.0,2018.0,Fiction
489,,,,,,,,The Instant Pot Electric Pressure Cooker Cookbook: Easy Recipes for Fast & Healthy Meals,Laurel Randolph,4.3,7368.0,7.0,2018.0,Non Fiction
490,,,,,,,,The Meltdown (Diary of a Wimpy Kid Book 13),Jeff Kinney,4.8,5898.0,8.0,2018.0,Fiction
491,,,,,,,,"The Plant Paradox Cookbook: 100 Delicious Recipes to Help You Lose Weight, Heal Your Gut, and Live Lectin-Free",Dr. Steven R Gundry MD,4.5,3601.0,18.0,2018.0,Non Fiction
492,,,,,,,,"The Plant Paradox: The Hidden Dangers in ""Healthy"" Foods That Cause Disease and Weight Gain",Dr. Steven R Gundry MD,4.4,7058.0,17.0,2018.0,Non Fiction
493,,,,,,,,The Pout-Pout Fish,Deborah Diesen,4.8,9784.0,5.0,2018.0,Fiction
494,,,,,,,,The President Is Missing: A Novel,James Patterson,4.3,10191.0,18.0,2018.0,Fiction
495,,,,,,,,The Subtle Art of Not Giving a F*ck: A Counterintuitive Approach to Living a Good Life,Mark Manson,4.6,26490.0,15.0,2018.0,Non Fiction
496,,,,,,,,The Very Hungry Caterpillar,Eric Carle,4.9,19546.0,5.0,2018.0,Fiction
497,,,,,,,,The Wonderful Things You Will Be,Emily Winfield Martin,4.9,8842.0,10.0,2018.0,Fiction
498,,,,,,,,The Wonky Donkey,Craig Smith,4.8,30183.0,4.0,2018.0,Fiction
499,,,,,,,,Whose Boat Is This Boat?: Comments That Don't Help in the Aftermath of a Hurricane,The Staff of The Late Show with,4.6,6669.0,12.0,2018.0,Non Fiction
500,,,,,,,,You Are a Badass: How to Stop Doubting Your Greatness and Start Living an Awesome Life,Jen Sincero,4.7,14331.0,8.0,2018.0,Non Fiction
501,,,,,,,,"5,000 Awesome Facts (About Everything!) (National Geographic Kids)",National Geographic Kids,4.8,7665.0,12.0,2019.0,Non Fiction
502,,,,,,,,Becoming,Michelle Obama,4.8,61133.0,11.0,2019.0,Non Fiction
503,,,,,,,,"Brown Bear, Brown Bear, What Do You See?",Bill Martin Jr.,4.9,14344.0,5.0,2019.0,Fiction
504,,,,,,,,Can't Hurt Me: Master Your Mind and Defy the Odds,David Goggins,4.8,16244.0,18.0,2019.0,Non Fiction
505,,,,,,,,Difficult Riddles For Smart Kids: 300 Difficult Riddles And Brain Teasers Families Will Love (Books for Smart Kids),M Prefontaine,4.6,7955.0,5.0,2019.0,Non Fiction
506,,,,,,,,Dog Man: Brawl of the Wild: From the Creator of Captain Underpants (Dog Man #6),Dav Pilkey,4.9,7235.0,4.0,2019.0,Fiction
507,,,,,,,,Dog Man: Fetch-22: From the Creator of Captain Underpants (Dog Man #8),Dav Pilkey,4.9,12619.0,8.0,2019.0,Fiction
508,,,,,,,,Dog Man: For Whom the Ball Rolls: From the Creator of Captain Underpants (Dog Man #7),Dav Pilkey,4.9,9089.0,8.0,2019.0,Fiction
509,,,,,,,,Educated: A Memoir,Tara Westover,4.7,28729.0,15.0,2019.0,Non Fiction
510,,,,,,,,Giraffes Can't Dance,Giles Andreae,4.8,14038.0,4.0,2019.0,Fiction
511,,,,,,,,"Girl, Stop Apologizing: A Shame-Free Plan for Embracing and Achieving Your Goals",Rachel Hollis,4.6,7660.0,12.0,2019.0,Non Fiction
512,,,,,,,,"Girl, Wash Your Face: Stop Believing the Lies About Who You Are So You Can Become Who You Were Meant to Be",Rachel Hollis,4.6,22288.0,12.0,2019.0,Non Fiction
513,,,,,,,,Good Days Start With Gratitude: A 52 Week Guide To Cultivate An Attitude Of Gratitude: Gratitude Journal,Pretty Simple Press,4.6,10141.0,6.0,2019.0,Non Fiction
514,,,,,,,,Goodnight Moon,Margaret Wise Brown,4.8,8837.0,5.0,2019.0,Fiction
515,,,,,,,,Guts,Raina Telgemeier,4.8,5476.0,7.0,2019.0,Non Fiction
516,,,,,,,,"Harry Potter and the Goblet of Fire: The Illustrated Edition (Harry Potter, Book 4) (4)",J. K. Rowling,4.9,7758.0,18.0,2019.0,Fiction
517,,,,,,,,Howard Stern Comes Again,Howard Stern,4.3,5272.0,16.0,2019.0,Non Fiction
518,,,,,,,,"I Am Confident, Brave & Beautiful: A Coloring Book for Girls",Hopscotch Girls,4.8,9737.0,7.0,2019.0,Non Fiction
519,,,,,,,,If Animals Kissed Good Night,Ann Whitford Paul,4.8,16643.0,4.0,2019.0,Fiction
520,,,,,,,,Instant Pot Pressure Cooker Cookbook: 500 Everyday Recipes for Beginners and Advanced Users. Try Easy and Healthy…,Jennifer Smith,4.4,7396.0,13.0,2019.0,Non Fiction
521,,,,,,,,It's Not Supposed to Be This Way: Finding Unexpected Strength When Disappointments Leave You Shattered,Lysa TerKeurst,4.8,7062.0,12.0,2019.0,Non Fiction
522,,,,,,,,"National Geographic Kids Why?: Over 1,111 Answers to Everything",Crispin Boyer,4.8,5347.0,16.0,2019.0,Non Fiction
523,,,,,,,,National Geographic Little Kids First Big Book of Why (National Geographic Little Kids First Big Books),Amy Shields,4.8,7866.0,11.0,2019.0,Non Fiction
524,,,,,,,,"Oh, the Places You'll Go!",Dr. Seuss,4.9,21834.0,8.0,2019.0,Fiction
525,,,,,,,,P is for Potty! (Sesame Street) (Lift-the-Flap),Naomi Kleinberg,4.7,10820.0,5.0,2019.0,Non Fiction
526,,,,,,,,Player's Handbook (Dungeons & Dragons),Wizards RPG Team,4.8,16990.0,27.0,2019.0,Fiction
527,,,,,,,,"Salt, Fat, Acid, Heat: Mastering the Elements of Good Cooking",Samin Nosrat,4.8,7802.0,20.0,2019.0,Non Fiction
528,,,,,,,,"School Zone - Big Preschool Workbook - Ages 4 and Up, Colors, Shapes, Numbers 1-10, Alphabet, Pre-Writing, Pre-Reading…",School Zone,4.8,23047.0,6.0,2019.0,Non Fiction
529,,,,,,,,Strange Planet (Strange Planet Series),Nathan W. Pyle,4.9,9382.0,6.0,2019.0,Fiction
530,,,,,,,,The 5 Love Languages: The Secret to Love that Lasts,Gary Chapman,4.8,25554.0,8.0,2019.0,Non Fiction
531,,,,,,,,"The Body Keeps the Score: Brain, Mind, and Body in the Healing of Trauma",Bessel van der Kolk M.D.,4.8,12361.0,12.0,2019.0,Non Fiction
532,,,,,,,,The Complete Ketogenic Diet for Beginners: Your Essential Guide to Living the Keto Lifestyle,Amy Ramos,4.3,13061.0,6.0,2019.0,Non Fiction
533,,,,,,,,The Four Agreements: A Practical Guide to Personal Freedom (A Toltec Wisdom Book),Don Miguel Ruiz,4.7,23308.0,6.0,2019.0,Non Fiction
534,,,,,,,,The Guardians: A Novel,John Grisham,4.5,13609.0,14.0,2019.0,Fiction
535,,,,,,,,The Life-Changing Magic of Tidying Up: The Japanese Art of Decluttering and Organizing,Marie Kondō,4.5,22641.0,11.0,2019.0,Non Fiction
536,,,,,,,,The Mueller Report,The Washington Post,4.6,2744.0,12.0,2019.0,Non Fiction
537,,,,,,,,The Silent Patient,Alex Michaelides,4.5,27536.0,14.0,2019.0,Fiction
538,,,,,,,,The Subtle Art of Not Giving a F*ck: A Counterintuitive Approach to Living a Good Life,Mark Manson,4.6,26490.0,15.0,2019.0,Non Fiction
539,,,,,,,,The Total Money Makeover: Classic Edition: A Proven Plan for Financial Fitness,Dave Ramsey,4.7,11550.0,10.0,2019.0,Non Fiction
540,,,,,,,,The Unofficial Harry Potter Cookbook: From Cauldron Cakes to Knickerbocker Glory--More Than 150 Magical Recipes for…,Dinah Bucholz,4.7,9030.0,10.0,2019.0,Non Fiction
541,,,,,,,,The Very Hungry Caterpillar,Eric Carle,4.9,19546.0,5.0,2019.0,Fiction
542,,,,,,,,The Wonderful Things You Will Be,Emily Winfield Martin,4.9,8842.0,10.0,2019.0,Fiction
543,,,,,,,,The Wonky Donkey,Craig Smith,4.8,30183.0,4.0,2019.0,Fiction
544,,,,,,,,To Kill a Mockingbird,Harper Lee,4.8,26234.0,7.0,2019.0,Fiction
545,,,,,,,,Unfreedom of the Press,Mark R. Levin,4.9,5956.0,11.0,2019.0,Non Fiction
546,,,,,,,,Unicorn Coloring Book: For Kids Ages 4-8 (US Edition) (Silly Bear Coloring Books),Silly Bear,4.8,6108.0,4.0,2019.0,Non Fiction
547,,,,,,,,What Should Danny Do? (The Power to Choose Series),Adir Levy,4.8,8170.0,13.0,2019.0,Fiction
548,,,,,,,,Where the Crawdads Sing,Delia Owens,4.8,87841.0,15.0,2019.0,Fiction
549,,,,,,,,Wrecking Ball (Diary of a Wimpy Kid Book 14),Jeff Kinney,4.9,9413.0,8.0,2019.0,Fiction
550,,,,,,,,You Are a Badass: How to Stop Doubting Your Greatness and Start Living an Awesome Life,Jen Sincero,4.7,14331.0,8.0,2019.0,Non Fiction
551,,,,,,,,A Promised Land,Barack Obama,4.9,121109.0,16.0,2020.0,Non Fiction
552,,,,,,,,American Dirt (Oprah's Book Club): A Novel,Jeanine Cummins,4.6,66795.0,14.0,2020.0,Fiction
553,,,,,,,,Atomic Habits: An Easy & Proven Way to Build Good Habits & Break Bad Ones,James Clear,4.8,73216.0,12.0,2020.0,Non Fiction
554,,,,,,,,Becoming,Michelle Obama,4.8,118767.0,21.0,2020.0,Non Fiction
555,,,,,,,,"Brown Bear, Brown Bear, What Do You See?",Bill Martin Jr.,4.9,38969.0,5.0,2020.0,Fiction
556,,,,,,,,Burn After Writing,Sharon Jones,4.6,36689.0,7.0,2020.0,Non Fiction
557,,,,,,,,Caste (Oprah's Book Club): The Origins of Our Discontents,Isabel Wilkerson,4.8,38318.0,15.0,2020.0,Non Fiction
558,,,,,,,,Chicka Chicka Boom Boom (Board Book),Bill Martin Jr.,4.9,30145.0,5.0,2020.0,Fiction
559,,,,,,,,Dog Man: Grime and Punishment: A Graphic Novel (Dog Man #9): From the Creator of Captain Underpants (9),Dav Pilkey,4.9,41021.0,6.0,2020.0,Fiction
560,,,,,,,,Educated: A Memoir,Tara Westover,4.7,61064.0,13.0,2020.0,Non Fiction
561,,,,,,,,Get Out of Your Head: Stopping the Spiral of Toxic Thoughts,Jennie Allen,4.7,19558.0,14.0,2020.0,Non Fiction
562,,,,,,,,Giraffes Can't Dance,Giles Andreae,4.8,27722.0,6.0,2020.0,Fiction
563,,,,,,,,Greenlights,Matthew McConaughey,4.7,52217.0,16.0,2020.0,Non Fiction
564,,,,,,,,How to Be an Antiracist,Ibram X. Kendi,4.7,24386.0,17.0,2020.0,Non Fiction
565,,,,,,,,How to Catch a Mermaid,Adam Wallace,4.8,26660.0,5.0,2020.0,Fiction
566,,,,,,,,How to Catch a Unicorn,Adam Wallace,4.8,29902.0,5.0,2020.0,Fiction
567,,,,,,,,Human Body Activity Book for Kids: Hands-On Fun for Grades K-3,"Ph.D., Katie Stokes, M.Ed.,",4.7,19138.0,5.0,2020.0,Non Fiction
568,,,,,,,,"I Am Confident, Brave & Beautiful: A Coloring Book for Girls",Hopscotch Girls,4.8,29913.0,7.0,2020.0,Non Fiction
569,,,,,,,,I Love You to the Moon and Back,Amelia Hepworth,4.9,51188.0,4.0,2020.0,Fiction
570,,,,,,,,If Animals Kissed Good Night,Ann Whitford Paul,4.8,63659.0,4.0,2020.0,Fiction
571,,,,,,,,Little Fires Everywhere: A Novel,Celeste Ng,4.5,53363.0,10.0,2020.0,Fiction
572,,,,,,,,Live Free Or Die: America (and the World) on the Brink,Sean Hannity,4.8,23944.0,13.0,2020.0,Non Fiction
573,,,,,,,,"Magnolia Table, Volume 2: A Collection of Recipes for Gathering",Joanna Gaines,4.9,24352.0,17.0,2020.0,Non Fiction
574,,,,,,,,Midnight Sun,Stephenie Meyer,4.8,79334.0,14.0,2020.0,Fiction
575,,,,,,,,Modern Comfort Food: A Barefoot Contessa Cookbook,Ina Garten,4.8,16097.0,19.0,2020.0,Non Fiction
576,,,,,,,,"My First Learn-to-Write Workbook: Practice for Kids with Pen Control, Line Tracing, Letters, and More!",Crystal Radke,4.8,69801.0,5.0,2020.0,Non Fiction
577,,,,,,,,Paint by Sticker Kids: Unicorns & Magic: Create 10 Pictures One Sticker at a Time! Includes Glitter Stickers,Workman Publishing,4.8,17639.0,7.0,2020.0,Non Fiction
578,,,,,,,,Paint by Sticker Kids: Zoo Animals: Create 10 Pictures One Sticker at a Time!,Workman Publishing,4.8,20182.0,8.0,2020.0,Non Fiction
579,,,,,,,,"Prayer Journal for Women: 52 Week Scripture, Devotional & Guided Prayer Journal",Shannon Roberts,4.8,39234.0,10.0,2020.0,Non Fiction
580,,,,,,,,Rage,Bob Woodward,4.6,33469.0,8.0,2020.0,Non Fiction
581,,,,,,,,"School Zone - Big Preschool Workbook - 320 Pages, Ages 3 to 5, Colors, Shapes, Numbers, Early Math, Alphabet, Pre-Writing, Phonics, Following Directions, and More (School Zone Big Workbook Series)",School Zone,4.8,60501.0,6.0,2020.0,Non Fiction
582,,,,,,,,The 5 Love Languages: The Secret to Love that Lasts,Gary Chapman,4.8,62463.0,8.0,2020.0,Non Fiction
583,,,,,,,,The Ballad of Songbirds and Snakes (A Hunger Games Novel),Suzanne Collins,4.7,43745.0,14.0,2020.0,Fiction
584,,,,,,,,The Big Book of Silly Jokes for Kids,Carole P. Roman,4.7,18142.0,6.0,2020.0,Non Fiction
585,,,,,,,,"The Body Keeps the Score: Brain, Mind, and Body in the Healing of Trauma",Bessel van der Kolk M.D.,4.8,44642.0,11.0,2020.0,Non Fiction
586,,,,,,,,"The Boy, the Mole, the Fox and the Horse",Charlie Mackesy,4.8,93749.0,10.0,2020.0,Fiction
587,,,,,,,,The Deep End (Diary of a Wimpy Kid Book 15),Jeff Kinney,4.9,38674.0,7.0,2020.0,Fiction
588,,,,,,,,The Four Agreements: A Practical Guide to Personal Freedom (A Toltec Wisdom Book),Don Miguel Ruiz,4.7,75798.0,8.0,2020.0,Non Fiction
589,,,,,,,,The Room Where It Happened: A White House Memoir,John Bolton,4.3,49087.0,13.0,2020.0,Non Fiction
590,,,,,,,,The Silent Patient,Alex Michaelides,4.5,102544.0,20.0,2020.0,Fiction
591,,,,,,,,"The Splendid and the Vile: A Saga of Churchill, Family, and Defiance During the Blitz",Erik Larson,4.7,26537.0,17.0,2020.0,Non Fiction
592,,,,,,,,The Vanishing Half: A Novel,Brit Bennett,4.4,83490.0,13.0,2020.0,Fiction
593,,,,,,,,The Very Hungry Caterpillar,Eric Carle,4.9,47260.0,5.0,2020.0,Fiction
594,,,,,,,,The Wonky Donkey,Craig Smith,4.8,68099.0,5.0,2020.0,Fiction
595,,,,,,,,Too Much and Never Enough: How My Family Created the World's Most Dangerous Man,Mary L. Trump Ph.D.,4.6,100534.0,10.0,2020.0,Non Fiction
596,,,,,,,,Untamed,Glennon Doyle,4.6,49978.0,16.0,2020.0,Non Fiction
597,,,,,,,,Wacky Waving Inflatable Tube Guy (RP Minis),Conor Riordan,4.0,35772.0,12.0,2020.0,Fiction
598,,,,,,,,What Should Danny Do? (The Power to Choose Series),Adir Levy,4.8,20918.0,14.0,2020.0,Fiction
599,,,,,,,,Where the Crawdads Sing,Delia Owens,4.8,208915.0,12.0,2020.0,Fiction
600,,,,,,,,White Fragility: Why It's So Hard for White People to Talk About Racism,Dr. Robin DiAngelo,4.5,38798.0,8.0,2020.0,Non Fiction
601,,,,,,,,1984,George Orwell,4.7,60381.0,7.0,2021.0,Fiction
602,,,,,,,,American Marxism,Mark R. Levin,4.9,29510.0,14.0,2021.0,Non Fiction
603,,,,,,,,Atlas of the Heart: Mapping Meaningful Connection and the Language of Human Experience,Brené Brown,4.8,7556.0,18.0,2021.0,Non Fiction
604,,,,,,,,Atomic Habits: An Easy & Proven Way to Build Good Habits & Break Bad Ones,James Clear,4.8,73216.0,12.0,2021.0,Non Fiction
605,,,,,,,,Big Shot Diary of a Wimpy Kid Book 16,Jeff Kinney,4.9,12259.0,7.0,2021.0,Fiction
606,,,,,,,,"Brown Bear, Brown Bear, What Do You See?",Bill Martin Jr.,4.9,38969.0,5.0,2021.0,Fiction
607,,,,,,,,Burn After Writing (Pink),Sharon Jones,4.6,23145.0,7.0,2021.0,Non Fiction
608,,,,,,,,Call Us What We Carry: Poems,Amanda Gorman,4.9,2873.0,14.0,2021.0,Fiction
609,,,,,,,,Caste (Oprah's Book Club): The Origins of Our Discontents,Isabel Wilkerson,4.8,38319.0,15.0,2021.0,Non Fiction
610,,,,,,,,Crystals for Beginners: The Guide to Get Started with the Healing Power of Crystals,Karen Frazier,4.8,30513.0,9.0,2021.0,Non Fiction
611,,,,,,,,Dog Man: Mothering Heights: A Graphic Novel (Dog Man #10): From the Creator of Captain Underpants (10),Dav Pilkey,4.9,18740.0,7.0,2021.0,Fiction
612,,,,,,,,"Dune (Dune Chronicles, Book 1)",Frank Herbert,4.7,52262.0,12.0,2021.0,Fiction
613,,,,,,,,Go Tell the Bees That I Am Gone: A Novel (Outlander),Diana Gabaldon,4.7,35580.0,20.0,2021.0,Fiction
614,,,,,,,,Greenlights,Matthew McConaughey,4.7,52217.0,16.0,2021.0,Non Fiction
615,,,,,,,,Grumpy Monkey,Suzanne Lang,4.8,20714.0,7.0,2021.0,Fiction
616,,,,,,,,How to Catch a Mermaid,Adam Wallace,4.8,26660.0,5.0,2021.0,Fiction
617,,,,,,,,How to Win Friends & Influence People,Dale Carnegie,4.7,61283.0,11.0,2021.0,Non Fiction
618,,,,,,,,"I Am Confident, Brave & Beautiful: A Coloring Book for Girls",Hopscotch Girls,4.8,29913.0,7.0,2021.0,Non Fiction
619,,,,,,,,I Love You to the Moon and Back,Amelia Hepworth,4.9,51188.0,4.0,2021.0,Fiction
620,,,,,,,,If Animals Kissed Good Night,Ann Whitford Paul,4.8,63658.0,4.0,2021.0,Fiction
621,,,,,,,,It Ends with Us: A Novel (1),Colleen Hoover,4.7,76135.0,11.0,2021.0,Fiction
622,,,,,,,,"My First Learn-to-Write Workbook: Practice for Kids with Pen Control, Line Tracing, Letters, and More!",Crystal Radke,4.8,69801.0,5.0,2021.0,Non Fiction
623,,,,,,,,My First Library : Boxset of 10 Board Books for Kids,Wonder House Books,4.6,39852.0,16.0,2021.0,Non Fiction
624,,,,,,,,"Oh, the Places You'll Go!  ",Dr. Seuss,4.9,35287.0,9.0,2021.0,Fiction
625,,,,,,,,Paint by Sticker Kids: Zoo Animals: Create 10 Pictures One Sticker at a Time!,Workman Publishing,4.8,20182.0,8.0,2021.0,Non Fiction
626,,,,,,,,Peril,Bob Woodward,4.6,16861.0,15.0,2021.0,Non Fiction
627,,,,,,,,"Publication Manual of the American Psychological Association: 7th Edition, Official, 2020 Copyright",American Psychological Association,4.8,25374.0,21.0,2021.0,Non Fiction
628,,,,,,,,Rich Dad Poor Dad: What the Rich Teach Their Kids About Money That the Poor and Middle Class Do Not!,Robert T. Kiyosaki,4.7,71078.0,13.0,2021.0,Non Fiction
629,,,,,,,,"School Zone - Big Preschool Workbook - 320 Pages, Ages 3 to 5, Colors, Shapes, Numbers, Early Math, Alphabet, Pre-Writing, Phonics, Following Directions, and More (School Zone Big Workbook Series)",School Zone,4.8,60501.0,6.0,2021.0,Non Fiction
630,,,,,,,,"Self-Love Workbook for Women: Release Self-Doubt, Build Self-Compassion, and Embrace Who You Are (Self-Help Workbooks for Women)",Megan Logan MSW LCSW,4.7,11921.0,10.0,2021.0,Non Fiction
631,,,,,,,,The 48 Laws of Power,Robert Greene,4.7,38568.0,12.0,2021.0,Non Fiction
632,,,,,,,,The 5 Love Languages: The Secret to Love that Lasts,Gary Chapman,4.8,62463.0,8.0,2021.0,Non Fiction
633,,,,,,,,"The Alchemist, 25th Anniversary: A Fable About Following Your Dream",Paulo Coelho,4.7,71252.0,9.0,2021.0,Fiction
634,,,,,,,,"The Body Keeps the Score: Brain, Mind, and Body in the Healing of Trauma",Bessel van der Kolk M.D.,4.8,44642.0,11.0,2021.0,Non Fiction
635,,,,,,,,"The Boy, the Mole, the Fox and the Horse",Charlie Mackesy,4.8,93749.0,10.0,2021.0,Fiction
636,,,,,,,,The Four Agreements: A Practical Guide to Personal Freedom (A Toltec Wisdom Book),Don Miguel Ruiz,4.7,75798.0,8.0,2021.0,Non Fiction
637,,,,,,,,The Four Winds: A Novel,Kristin Hannah,4.5,96810.0,14.0,2021.0,Fiction
638,,,,,,,,The Hill We Climb: An Inaugural Poem for the Country,Amanda Gorman,4.9,14385.0,10.0,2021.0,Fiction
639,,,,,,,,The Last Thing He Told Me: A Novel,Laura Dave,4.3,77903.0,14.0,2021.0,Fiction
640,,,,,,,,The Midnight Library: A Novel,Matt Haig,4.3,144313.0,13.0,2021.0,Fiction
641,,,,,,,,"The Real Anthony Fauci: Bill Gates, Big Pharma, and the Global War on Democracy and Public Health (Children’s Health Defense)",Robert F. Kennedy Jr.,4.8,14575.0,20.0,2021.0,Non Fiction
642,,,,,,,,The Seven Husbands of Evelyn Hugo: A Novel,Taylor Jenkins Reid,4.6,60969.0,9.0,2021.0,Fiction
643,,,,,,,,The Song of Achilles: A Novel,Madeline Miller,4.7,38186.0,10.0,2021.0,Fiction
644,,,,,,,,The Storyteller: Tales of Life and Music,Dave Grohl,4.8,14463.0,18.0,2021.0,Non Fiction
645,,,,,,,,The Subtle Art of Not Giving a F*ck: A Counterintuitive Approach to Living a Good Life,Mark Manson,4.6,64073.0,14.0,2021.0,Non Fiction
646,,,,,,,,The Very Hungry Caterpillar,Eric Carle,4.9,47260.0,5.0,2021.0,Fiction
647,,,,,,,,The Wonderful Things You Will Be,Emily Winfield Martin,4.9,20920.0,9.0,2021.0,Fiction
648,,,,,,,,They Both Die at the End,Adam Silvera,4.7,22602.0,8.0,2021.0,Fiction
649,,,,,,,,Untamed,Glennon Doyle,4.6,49978.0,16.0,2021.0,Non Fiction
650,,,,,,,,We Were Liars,E. Lockhart,4.5,34117.0,6.0,2021.0,Fiction
651,,,,,,,,Air Fryer Cookbook: 600 Effortless Air Fryer Recipes for Beginners and Advanced Users,Jenson William,4.4,29402.0,11.0,2022.0,Non Fiction
652,,,,,,,,Atlas of the Heart: Mapping Meaningful Connection and the Language of Human Experience,Brené Brown,4.8,7556.0,18.0,2022.0,Non Fiction
653,,,,,,,,Atomic Habits: An Easy & Proven Way to Build Good Habits & Break Bad Ones,James Clear,4.8,73215.0,12.0,2022.0,Non Fiction
654,,,,,,,,"Brown Bear, Brown Bear, What Do You See?",Bill Martin Jr.,4.9,38969.0,5.0,2022.0,Fiction
655,,,,,,,,Burn After Writing (Pink),Sharon Jones,4.6,23146.0,7.0,2022.0,Non Fiction
656,,,,,,,,"From Crook to Cook: Platinum Recipes from Tha Boss Dogg's Kitchen (Snoop Dogg Cookbook, Celebrity Cookbook with Soul Food Recipes) (Snoop Dog x Chronicle Books)",Snoop Dogg,4.8,23735.0,13.0,2022.0,Non Fiction
657,,,,,,,,House of Sky and Breath (Crescent City),Sarah J. Maas,4.8,14327.0,18.0,2022.0,Fiction
658,,,,,,,,How to Catch a Leprechaun,Adam Wallace,4.8,6020.0,10.0,2022.0,Fiction
659,,,,,,,,How to Win Friends & Influence People,Dale Carnegie,4.7,61283.0,11.0,2022.0,Non Fiction
660,,,,,,,,I Love You to the Moon and Back,Amelia Hepworth,4.9,51188.0,4.0,2022.0,Fiction
661,,,,,,,,If Animals Kissed Good Night,Ann Whitford Paul,4.8,63658.0,4.0,2022.0,Fiction
662,,,,,,,,It Ends with Us: A Novel (1),Colleen Hoover,4.7,76137.0,11.0,2022.0,Fiction
663,,,,,,,,Life Force: How New Breakthroughs in Precision Medicine Can Transform the Quality of Your Life & Those You Love,Tony Robbins,4.5,1213.0,20.0,2022.0,Non Fiction
664,,,,,,,,Little Blue Truck's Valentine,Alice Schertle,4.9,6959.0,11.0,2022.0,Fiction
665,,,,,,,,Llama Llama I Love You,Anna Dewdney,4.8,9361.0,5.0,2022.0,Fiction
666,,,,,,,,Maus I: A Survivor's Tale: My Father Bleeds History,Art Spiegelman,4.7,2438.0,14.0,2022.0,Fiction
667,,,,,,,,"My First Learn-to-Write Workbook: Practice for Kids with Pen Control, Line Tracing, Letters, and More!",Crystal Radke,4.8,69801.0,5.0,2022.0,Non Fiction
668,,,,,,,,My Little Golden Book About Betty White,Deborah Hopkinson,4.9,4910.0,6.0,2022.0,Non Fiction
669,,,,,,,,November 9: A Novel,Colleen Hoover,4.7,17592.0,13.0,2022.0,Fiction
670,,,,,,,,Principles for Dealing with the Changing World Order: Why Nations Succeed and Fail,Ray Dalio,4.5,1685.0,21.0,2022.0,Non Fiction
671,,,,,,,,Rand McNally 2022 Large Scale Road Atlas,Rand McNally,4.7,10404.0,17.0,2022.0,Non Fiction
672,,,,,,,,Red-Handed: How American Elites Get Rich Helping China Win,Peter Schweizer,4.8,3366.0,18.0,2022.0,Non Fiction
673,,,,,,,,Reminders of Him: A Novel,Colleen Hoover,4.7,56049.0,13.0,2022.0,Fiction
674,,,,,,,,Rich Dad Poor Dad: What the Rich Teach Their Kids About Money That the Poor and Middle Class Do Not!,Robert T. Kiyosaki,4.7,71078.0,7.0,2022.0,Non Fiction
675,,,,,,,,"Run, Rose, Run: A Novel",James Patterson,4.5,4828.0,18.0,2022.0,Fiction
676,,,,,,,,"School Zone - Big Preschool Workbook - 320 Pages, Ages 3 to 5, Colors, Shapes, Numbers, Early Math, Alphabet, Pre-Writing, Phonics, Following Directions, and More (School Zone Big Workbook Series)",School Zone,4.8,60501.0,6.0,2022.0,Non Fiction
677,,,,,,,,The 1619 Project: A New Origin Story,Nikole Hannah-Jones,4.8,6657.0,23.0,2022.0,Non Fiction
678,,,,,,,,The 48 Laws of Power,Robert Greene,4.7,38568.0,12.0,2022.0,Non Fiction
679,,,,,,,,The 5 Love Languages: The Secret to Love that Lasts,Gary Chapman,4.8,62462.0,8.0,2022.0,Non Fiction
680,,,,,,,,"The Alchemist, 25th Anniversary: A Fable About Following Your Dream",Paulo Coelho,4.7,71252.0,9.0,2022.0,Fiction
681,,,,,,,,"The Body Keeps the Score: Brain, Mind, and Body in the Healing of Trauma",Bessel van der Kolk M.D.,4.8,44642.0,11.0,2022.0,Non Fiction
682,,,,,,,,"The Boy, the Mole, the Fox and the Horse",Charlie Mackesy,4.8,93749.0,10.0,2022.0,Fiction
683,,,,,,,,The Complete Maus: A Survivor's Tale (Pantheon Graphic Library),Art Spiegelman,4.8,5349.0,32.0,2022.0,Fiction
684,,,,,,,,The Four Agreements: A Practical Guide to Personal Freedom (A Toltec Wisdom Book),Don Miguel Ruiz,4.7,75798.0,8.0,2022.0,Non Fiction
685,,,,,,,,The Great Reset: Joe Biden and the Rise of Twenty-First-Century Fascism,Glenn Beck,4.7,3098.0,18.0,2022.0,Non Fiction
686,,,,,,,,The Last Thing He Told Me: A Novel,Laura Dave,4.3,77903.0,14.0,2022.0,Fiction
687,,,,,,,,The Lincoln Highway: A Novel,Amor Towles,4.4,38675.0,18.0,2022.0,Fiction
688,,,,,,,,The Love Hypothesis,Ali Hazelwood,4.6,24858.0,11.0,2022.0,Fiction
689,,,,,,,,The Maid: A Novel,Nita Prose,4.3,17988.0,17.0,2022.0,Fiction
690,,,,,,,,The Midnight Library: A Novel,Matt Haig,4.3,144314.0,13.0,2022.0,Fiction
691,,,,,,,,"The Real Anthony Fauci: Bill Gates, Big Pharma, and the Global War on Democracy and Public Health (Children’s Health Defense)",Robert F. Kennedy Jr.,4.8,14575.0,20.0,2022.0,Non Fiction
692,,,,,,,,The Seven Husbands of Evelyn Hugo: A Novel,Taylor Jenkins Reid,4.6,60969.0,9.0,2022.0,Fiction
693,,,,,,,,The Subtle Art of Not Giving a F*ck: A Counterintuitive Approach to Living a Good Life,Mark Manson,4.6,64073.0,14.0,2022.0,Non Fiction
694,,,,,,,,The Very Hungry Caterpillar,Eric Carle,4.9,47260.0,5.0,2022.0,Fiction
695,,,,,,,,"The Whole Body Reset: Your Weight-Loss Plan for a Flat Belly, Optimum Health & a Body You'll Love at Midlife and Beyond",Stephen Perrine,4.2,206.0,20.0,2022.0,Non Fiction
696,,,,,,,,The Wonderful Things You Will Be,Emily Winfield Martin,4.9,20920.0,9.0,2022.0,Fiction
697,,,,,,,,Ugly Love: A Novel,Colleen Hoover,4.7,33929.0,10.0,2022.0,Fiction
698,,,,,,,,Verity,Colleen Hoover,4.6,71826.0,11.0,2022.0,Fiction
699,,,,,,,,What to Expect When You're Expecting,Heidi Murkoff,4.8,27052.0,13.0,2022.0,Non Fiction
700,,,,,,,,Where the Crawdads Sing,Delia Owens,4.8,208917.0,10.0,2022.0,Fiction
